Note;Time Stamp;P1;P2;P3;P4;P5;P6;T1;T2;T3;T4;T5;T6;T7;T8;TC1;TC2;TC3;TC4;TC5;TC6;TC7;TC8;TC9;TC10;P7;P8;P9;P10;PRELE_1;ITOT_1;PACTT_1;CFTOT_1;FTOT_1;ITOT_2;PACTT_2;CFTOT_2;FTOT_2;ITOT_3;PACTT_3;CFTOT_3;FTOT_3;ITOT_4;PACTT_4;CFTOT_4;FTOT_4;ITOT_5;PACTT_5;CFTOT_5;FTOT_5;EVAP1_POWER;EVAP1_Cp;EVAP1_Rho;EVAP1_dT;EVAP1_TIN_M;EVAP1_TOUT_M;EVAP2_POWER;EVAP2_Cp;EVAP2_Rho;EVAP2_dT;EVAP2_TIN_M;EVAP2_TOUT_M;EVAP3_POWER;EVAP3_Cp;EVAP3_Rho;EVAP3_dT;EVAP3_TIN_M1;EVAP3_TOUT_M1;EVAP1_DP_H2O;EVAP2_DP_H2O;EVAP3_DP_H2O;TC_P7;TC_P8;TC_P9;TC_P10;SOTT_1;SOTT_2;SURR_1;SURR_2;TAC_M;MP1_2;MP3_4;MP5_6;;;VCM_1;VCM_2;VCM_3;VCM_4;VCM_5;File name;Last modification;STAZIONE DI COLLAUDO;OPERATORE;CODICE MACCHINA;MATRICOLA MACCHINA;NUMERO ODL;DATA/ORA COLLAUDO;FLUIDO;GAS REFRIGERANTE;REVISIONE;LINEA DEL FLUIDO;NR CIRCUITI;RESPONSABILE LINEA CHILLER\CLIMA;DIREZIONE TECNICA;ALIMENTAZIONE;ESITO COLLAUDO;NOTE DI COLLAUDO;N.TEST
circ.1 - precarica 5,0 kg VT tutta aperta;0 days 00:04:40;1.6;1.6;0.1;4.24;1.7;1.6;23.74;23.84;19.9;15.36;24.52;24.19;29.53;31.4;31.21;31.92;32.86;32.0;400.0;32.18;43.56;33.31;13.12;33.33;26.17;0.2;8.79;0.4;4.0;-999.0;-999.0;-999.0;-999.0;-999.0;-999.0;-999.0;-999.0;-999.0;-999.0;-999.0;-999.0;-999.0;-999.0;-999.0;-999.0;27.13;18.3;0.84;59.9;0.0;2080.0;845.54;0.1;23.74;23.84;43.13;4190.0;998.38;4.54;19.9;15.36;0.0;4180.0;996.96;0.33;24.52;24.19;0.05;4.13;0.1;44.77;-47.23;6.64;-44.87;1.21;80.54;6.49;78.2;31.99;0.0;136.17;0.0;;;-999.0;-999.0;-999.0;;;Data not found;Data not found;R110;1 RESTANI MATTEO;TALQ0NNSBA10087;00380468;617084;20/11/2024 12:20:14;ACQUA;R410a_PA.txt;00;ALTA PORTATA;4;Ing. Flavio Dias;Ing. Paolo Russo;460V 3PH 60Hz;;;t001
CIRC.1 - 5,0 kg VT tutta aperta - report con portata 258 L/min;0 days 00:04:45;1.6;1.6;0.41;3.73;1.7;1.7;26.35;26.37;18.0;15.66;26.12;25.35;29.66;31.49;31.25;32.31;32.65;32.03;400.0;32.1;43.94;33.19;15.92;33.11;26.42;0.2;9.19;0.4;4.0;-999.0;-999.0;-999.0;-999.0;-999.0;-999.0;-999.0;-999.0;-999.0;-999.0;-999.0;-999.0;-999.0;-999.0;-999.0;-999.0;28.32;19.36;0.85;59.89;0.0;2090.0;844.25;0.02;26.35;26.37;41.95;4190.0;998.52;2.34;18.0;15.66;-0.01;4180.0;996.61;0.78;26.12;25.35;0.02;3.3;0.03;45.15;-47.21;7.94;-44.94;1.22;80.4;7.98;78.05;32.06;0.0;256.95;0.0;;;-999.0;-999.0;-999.0;;;Data not found;Data not found;R110;1 RESTANI MATTEO;TALQ0NNSBA10087;00380468;617084;20/11/2024 12:20:14;ACQUA;R410a_PA.txt;00;ALTA PORTATA;4;Ing. Flavio Dias;Ing. Paolo Russo;460V 3PH 60Hz;;;t001
CIRC.2 - 5,0 kg VT tutta aperta - report con portata 258 L/min;0 days 00:05:20;1.6;1.6;0.41;3.74;1.7;1.7;27.55;27.56;17.45;15.17;26.9;25.92;29.04;31.11;31.86;31.87;31.91;32.64;400.0;31.78;44.2;31.88;14.03;31.82;26.48;0.2;9.2;0.4;4.0;-999.0;-999.0;-999.0;-999.0;-999.0;-999.0;-999.0;-999.0;-999.0;-999.0;-999.0;-999.0;-999.0;-999.0;-999.0;-999.0;28.57;19.64;0.86;59.9;0.0;2095.57;843.65;0.02;27.55;27.56;40.61;4190.0;998.6;2.28;17.45;15.17;-0.01;4180.0;996.43;0.98;26.9;25.92;0.01;3.31;0.01;45.24;-47.23;8.01;-44.91;1.04;79.11;6.02;76.74;32.07;0.0;255.28;0.0;;;-999.0;-999.0;-999.0;;;Data not found;Data not found;R110;1 RESTANI MATTEO;TALQ0NNSBA10087;00380468;617084;20/11/2024 12:20:14;ACQUA;R410a_PA.txt;00;ALTA PORTATA;4;Ing. Flavio Dias;Ing. Paolo Russo;460V 3PH 60Hz;;;t001
CIRC.3 - 5,0 kg VT tutta aperta - report con portata 258 L/min;0 days 00:04:50;1.62;1.6;0.4;3.75;1.7;1.8;28.73;28.57;17.34;14.89;27.42;26.41;29.4;31.35;31.81;32.01;32.02;32.17;400.0;32.13;43.63;32.3;14.09;32.1;26.08;0.2;8.99;0.4;4.0;-999.0;-999.0;-999.0;-999.0;-999.0;-999.0;-999.0;-999.0;-999.0;-999.0;-999.0;-999.0;-999.0;-999.0;-999.0;-999.0;27.99;19.16;0.86;59.9;0.0;2100.0;843.1;0.16;28.73;28.57;43.29;4190.0;998.63;2.45;17.34;14.89;-0.01;4180.0;996.3;1.0;27.42;26.41;0.01;3.32;0.06;44.63;-47.25;7.3;-44.9;1.0;79.55;6.79;76.99;32.0;0.0;253.68;0.0;;;-999.0;-999.0;-999.0;;;Data not found;Data not found;R110;1 RESTANI MATTEO;TALQ0NNSBA10087;00380468;617084;20/11/2024 12:20:14;ACQUA;R410a_PA.txt;00;ALTA PORTATA;4;Ing. Flavio Dias;Ing. Paolo Russo;460V 3PH 60Hz;;;t001
CIRC.4 - 5,0 kg VT tutta aperta - report con portata 258 L/min;0 days 00:04:35;1.7;1.6;0.44;3.73;1.7;1.8;29.52;29.37;17.5;15.07;28.09;26.92;29.02;31.11;31.54;32.12;31.41;33.12;400.0;31.4;43.98;31.25;14.31;31.19;26.22;0.2;9.11;0.4;4.0;-999.0;-999.0;-999.0;-999.0;-999.0;-999.0;-999.0;-999.0;-999.0;-999.0;-999.0;-999.0;-999.0;-999.0;-999.0;-999.0;28.22;19.39;0.86;59.88;0.0;2104.45;842.7;0.16;29.52;29.37;43.62;4190.0;998.6;2.43;17.5;15.07;-0.01;4180.0;996.14;1.17;28.09;26.92;0.02;3.29;0.1;44.86;-47.29;7.78;-44.85;0.89;78.53;6.54;76.05;32.04;0.0;257.79;0.0;;;-999.0;-999.0;-999.0;;;Data not found;Data not found;R110;1 RESTANI MATTEO;TALQ0NNSBA10087;00380468;617084;20/11/2024 12:20:14;ACQUA;R410a_PA.txt;00;ALTA PORTATA;4;Ing. Flavio Dias;Ing. Paolo Russo;460V 3PH 60Hz;;;t001
R410a precarica 5,0 kg VT tutta aperta;0 days 00:05:10;1.7;1.7;1.2;5.23;1.7;1.6;26.19;25.88;19.2;15.82;25.19;24.24;28.93;31.16;31.88;32.15;31.9;32.0;400.0;32.1;44.32;32.74;15.04;32.35;26.75;0.2;9.39;0.39;4.0;-999.0;-999.0;-999.0;-999.0;-999.0;-999.0;-999.0;-999.0;-999.0;-999.0;-999.0;-999.0;-999.0;-999.0;-999.0;-999.0;7.12;3.84;0.79;49.9;0.0;2090.0;844.41;0.31;26.19;25.88;47.06;4190.0;998.4;3.37;19.2;15.82;0.0;4180.0;996.87;0.96;25.19;24.24;0.0;4.03;0.14;45.66;-47.79;8.63;-45.19;1.34;80.53;6.41;77.55;31.98;0.0;200.11;0.0;;;-999.0;-999.0;-999.0;;;Data not found;Data not found;R110;1 RESTANI MATTEO;TALF8NHHBX1T1U1;00378721;616540;08/11/2024 14:00:01 - 12/11/2024 11:42:18;ACQUA;R410a_PA.txt;00;ALTA PORTATA;1;Ing. Paolo Russo;Ing. Paolo Russo;400V-460V 3PH 50Hz-60Hz;PASSED;;t002
+500 gr tot 5,5 kg VT tutta aperta;0 days 00:04:35;1.7;1.7;1.2;5.2;1.7;1.6;28.23;27.87;18.62;15.2;26.79;25.4;28.63;31.02;31.97;32.04;31.98;32.04;400.0;32.31;44.68;32.36;8.68;32.17;26.97;0.2;9.46;0.4;4.0;-999.0;-999.0;-999.0;-999.0;-999.0;-999.0;-999.0;-999.0;-999.0;-999.0;-999.0;-999.0;-999.0;-999.0;-999.0;-999.0;7.09;3.83;0.8;49.9;0.0;2100.0;843.4;0.36;28.23;27.87;47.94;4190.0;998.5;3.42;18.62;15.2;0.0;4180.0;996.51;1.39;26.79;25.4;0.02;3.96;0.14;46.01;-47.78;8.82;-45.07;1.34;80.13;0.15;77.23;32.01;0.0;201.17;0.0;;;-999.0;-999.0;-999.0;;;Data not found;Data not found;R110;1 RESTANI MATTEO;TALF8NHHBX1T1U1;00378721;616540;08/11/2024 14:00:01 - 12/11/2024 11:42:18;ACQUA;R410a_PA.txt;00;ALTA PORTATA;1;Ing. Paolo Russo;Ing. Paolo Russo;400V-460V 3PH 50Hz-60Hz;PASSED;;t002
+200 gr tot 5,7 kg VT tutta aperta;0 days 00:04:11;1.7;1.7;1.2;5.23;1.7;1.6;29.32;28.88;18.39;14.98;27.82;26.22;28.65;31.02;31.96;32.06;31.96;32.06;400.0;32.22;44.8;32.36;8.59;32.18;27.07;0.2;9.46;0.4;4.0;-999.0;-999.0;-999.0;-999.0;-999.0;-999.0;-999.0;-999.0;-999.0;-999.0;-999.0;-999.0;-999.0;-999.0;-999.0;-999.0;7.12;3.85;0.8;49.9;0.0;2100.98;842.87;0.44;29.32;28.88;47.47;4190.0;998.54;3.41;18.39;14.98;0.0;4180.0;996.27;1.59;27.82;26.22;0.03;4.03;0.14;46.15;-47.78;8.84;-45.15;1.35;80.15;0.26;77.33;32.02;0.0;199.67;0.0;;;-999.0;-999.0;-999.0;;;Data not found;Data not found;R110;1 RESTANI MATTEO;TALF8NHHBX1T1U1;00378721;616540;08/11/2024 14:00:01 - 12/11/2024 11:42:18;ACQUA;R410a_PA.txt;00;ALTA PORTATA;1;Ing. Paolo Russo;Ing. Paolo Russo;400V-460V 3PH 50Hz-60Hz;PASSED;;t002
chiuso VT 2 giri tot 5,7 kg VT chiusa 2 giri;0 days 00:05:06;1.6;1.7;1.2;5.2;1.7;1.5;23.37;23.37;18.64;15.01;21.61;20.68;28.85;31.15;31.78;32.14;31.88;32.07;400.0;32.08;45.18;32.65;8.3;32.25;27.29;0.2;9.31;0.4;4.0;-999.0;-999.0;-999.0;-999.0;-999.0;-999.0;-999.0;-999.0;-999.0;-999.0;-999.0;-999.0;-999.0;-999.0;-999.0;-999.0;7.23;3.9;0.79;49.89;0.0;2080.0;845.75;0.01;23.37;23.37;50.6;4190.0;998.52;3.64;18.64;15.01;0.0;4180.0;997.69;0.92;21.61;20.68;0.01;3.99;0.15;46.49;-47.81;8.42;-45.09;1.3;80.46;0.12;77.34;31.96;0.0;199.61;0.0;;;-999.0;-999.0;-999.0;;;Data not found;Data not found;R110;1 RESTANI MATTEO;TALF8NHHBX1T1U1;00378721;616540;08/11/2024 14:00:01 - 12/11/2024 11:42:18;ACQUA;R410a_PA.txt;00;ALTA PORTATA;1;Ing. Paolo Russo;Ing. Paolo Russo;400V-460V 3PH 50Hz-60Hz;PASSED;;t002
+300 gr tot 6,0 kg VT chiusa 2 giri;0 days 00:06:16;1.7;1.69;1.2;5.3;1.7;1.54;26.45;26.1;18.65;14.96;23.9;22.25;28.67;31.04;31.86;32.15;31.92;32.02;400.0;32.11;45.47;32.71;8.38;32.41;27.5;0.2;9.39;0.4;4.0;-999.0;-999.0;-999.0;-999.0;-999.0;-999.0;-999.0;-999.0;-999.0;-999.0;-999.0;-999.0;-999.0;-999.0;-999.0;-999.0;7.3;3.94;0.79;49.88;0.0;2090.0;844.29;0.35;26.45;26.1;50.97;4190.0;998.52;3.69;18.65;14.96;0.0;4180.0;997.26;1.65;23.9;22.25;0.02;4.07;0.15;46.8;-47.75;8.6;-44.97;1.33;80.47;0.22;77.37;31.99;0.0;198.03;0.0;;;-999.0;-999.0;-999.0;;;Data not found;Data not found;R110;1 RESTANI MATTEO;TALF8NHHBX1T1U1;00378721;616540;08/11/2024 14:00:01 - 12/11/2024 11:42:18;ACQUA;R410a_PA.txt;00;ALTA PORTATA;1;Ing. Paolo Russo;Ing. Paolo Russo;400V-460V 3PH 50Hz-60Hz;PASSED;;t002
+200 gr tot 6,2 kg VT chiusa 2 giri;0 days 00:04:56;1.7;1.7;1.21;5.2;1.7;1.6;28.06;27.51;18.75;15.06;25.38;23.36;28.57;30.99;31.88;32.13;31.91;31.99;400.0;32.12;45.56;32.78;8.51;32.43;27.57;0.2;9.42;0.4;4.0;-999.0;-999.0;-999.0;-999.0;-999.0;-999.0;-999.0;-999.0;-999.0;-999.0;-999.0;-999.0;-999.0;-999.0;-999.0;-999.0;7.29;3.95;0.79;49.9;0.0;2097.87;843.53;0.55;28.06;27.51;51.62;4190.0;998.5;3.69;18.75;15.06;0.0;4180.0;996.95;2.02;25.38;23.36;0.04;3.95;0.14;46.91;-47.7;8.75;-44.95;1.35;80.47;0.24;77.38;31.97;0.0;200.37;0.0;;;-999.0;-999.0;-999.0;;;Data not found;Data not found;R110;1 RESTANI MATTEO;TALF8NHHBX1T1U1;00378721;616540;08/11/2024 14:00:01 - 12/11/2024 11:42:18;ACQUA;R410a_PA.txt;00;ALTA PORTATA;1;Ing. Paolo Russo;Ing. Paolo Russo;400V-460V 3PH 50Hz-60Hz;PASSED;;t002
+200 gr tot 6,4 kg VT chiusa 2 giri;0 days 00:04:55;1.7;1.7;1.2;5.2;1.7;1.6;29.0;28.32;18.59;14.9;26.41;24.19;28.49;30.93;31.9;32.11;31.89;31.98;400.0;32.06;45.58;32.7;8.47;32.42;27.6;0.2;9.42;0.4;4.0;-999.0;-999.0;-999.0;-999.0;-999.0;-999.0;-999.0;-999.0;-999.0;-999.0;-999.0;-999.0;-999.0;-999.0;-999.0;-999.0;7.28;3.96;0.8;49.89;0.0;2100.0;843.09;0.68;29.0;28.32;51.24;4190.0;998.53;3.69;18.59;14.9;0.0;4180.0;996.72;2.22;26.41;24.19;0.06;4.0;0.13;46.95;-47.71;8.74;-44.95;1.37;80.41;0.27;77.38;31.97;0.0;199.37;0.0;;;-999.0;-999.0;-999.0;;;Data not found;Data not found;R110;1 RESTANI MATTEO;TALF8NHHBX1T1U1;00378721;616540;08/11/2024 14:00:01 - 12/11/2024 11:42:18;ACQUA;R410a_PA.txt;00;ALTA PORTATA;1;Ing. Paolo Russo;Ing. Paolo Russo;400V-460V 3PH 50Hz-60Hz;PASSED;;t002
chiuso VT 2 giri tot 6,4 kg VT chiusa 4 giri;0 days 00:04:51;1.7;1.7;1.22;5.19;1.7;1.6;29.45;28.73;18.87;14.95;26.99;24.69;28.32;30.9;31.92;32.06;31.95;32.06;400.0;32.2;45.96;32.41;8.48;32.16;27.77;0.2;9.34;0.4;4.0;-999.0;-999.0;-999.0;-999.0;-999.0;-999.0;-999.0;-999.0;-999.0;-999.0;-999.0;-999.0;-999.0;-999.0;-999.0;-999.0;7.38;4.0;0.78;49.88;0.0;2100.93;842.87;0.72;29.45;28.73;54.89;4190.0;998.5;3.92;18.87;14.95;0.0;4180.0;996.58;2.3;26.99;24.69;0.06;3.93;0.13;47.21;-47.73;8.47;-45.02;1.25;80.15;0.04;77.18;32.0;0.0;200.93;0.0;;;-999.0;-999.0;-999.0;;;Data not found;Data not found;R110;1 RESTANI MATTEO;TALF8NHHBX1T1U1;00378721;616540;08/11/2024 14:00:01 - 12/11/2024 11:42:18;ACQUA;R410a_PA.txt;00;ALTA PORTATA;1;Ing. Paolo Russo;Ing. Paolo Russo;400V-460V 3PH 50Hz-60Hz;PASSED;;t002
+200 gr tot 6,6 kg VT chiusa 4 giri;0 days 00:04:51;1.7;1.7;1.3;5.07;1.7;1.6;30.4;29.75;18.96;15.04;28.59;26.25;28.15;30.8;31.91;32.03;31.95;32.02;400.0;32.17;46.28;32.38;8.7;32.15;27.99;0.2;9.43;0.4;4.0;-999.0;-999.0;-999.0;-999.0;-999.0;-999.0;-999.0;-999.0;-999.0;-999.0;-999.0;-999.0;-999.0;-999.0;-999.0;-999.0;7.31;3.99;0.8;49.81;0.0;2110.0;842.38;0.65;30.4;29.75;55.62;4190.0;998.49;3.92;18.96;15.04;0.0;4180.0;996.16;2.34;28.59;26.25;0.08;3.79;0.11;47.53;-47.67;8.79;-44.94;1.26;80.04;0.09;77.09;31.97;0.0;203.55;0.0;;;-999.0;-999.0;-999.0;;;Data not found;Data not found;R110;1 RESTANI MATTEO;TALF8NHHBX1T1U1;00378721;616540;08/11/2024 14:00:01 - 12/11/2024 11:42:18;ACQUA;R410a_PA.txt;00;ALTA PORTATA;1;Ing. Paolo Russo;Ing. Paolo Russo;400V-460V 3PH 50Hz-60Hz;PASSED;;t002
+200 gr tot 6,8 kg VT chiusa 4 giri;0 days 00:05:41;1.7;1.7;1.2;5.2;1.7;1.6;30.89;30.36;19.32;15.27;29.8;27.55;28.23;30.88;31.99;32.12;32.01;32.11;32.46;32.23;46.6;32.46;9.0;32.21;28.23;0.2;9.57;0.4;4.0;-999.0;-999.0;-999.0;-999.0;-999.0;-999.0;-999.0;-999.0;-999.0;-999.0;-999.0;-999.0;-999.0;-999.0;-999.0;-999.0;7.29;3.98;0.8;49.8;0.0;2110.0;842.11;0.53;30.89;30.36;56.44;4190.0;998.44;4.05;19.32;15.27;0.0;4180.0;995.81;2.26;29.8;27.55;0.08;3.95;0.1;47.88;-47.64;9.14;-45.0;1.28;80.09;0.13;77.21;32.05;0.0;200.13;0.0;;;-999.0;-999.0;-999.0;;;Data not found;Data not found;R110;1 RESTANI MATTEO;TALF8NHHBX1T1U1;00378721;616540;08/11/2024 14:00:01 - 12/11/2024 11:42:18;ACQUA;R410a_PA.txt;00;ALTA PORTATA;1;Ing. Paolo Russo;Ing. Paolo Russo;400V-460V 3PH 50Hz-60Hz;PASSED;;t002
+200 gr tot 7,0 kg VT chiusa 4 giri;0 days 00:04:55;1.7;1.7;1.2;5.2;1.7;1.6;30.99;30.48;19.32;15.28;30.07;27.86;28.06;30.74;31.94;32.04;31.9;32.02;32.48;32.15;46.64;32.42;9.05;32.17;28.26;0.2;9.6;0.4;4.0;-999.0;-999.0;-999.0;-999.0;-999.0;-999.0;-999.0;-999.0;-999.0;-999.0;-999.0;-999.0;-999.0;-999.0;-999.0;-999.0;7.37;4.03;0.8;49.9;0.0;2110.0;842.05;0.51;30.99;30.48;56.69;4190.0;998.44;4.05;19.32;15.28;0.0;4180.0;995.73;2.21;30.07;27.86;0.08;3.95;0.1;47.94;-47.63;9.23;-44.94;1.3;80.06;0.17;77.12;31.98;0.0;200.82;0.0;;;-999.0;-999.0;-999.0;;;Data not found;Data not found;R110;1 RESTANI MATTEO;TALF8NHHBX1T1U1;00378721;616540;08/11/2024 14:00:01 - 12/11/2024 11:42:18;ACQUA;R410a_PA.txt;00;ALTA PORTATA;1;Ing. Paolo Russo;Ing. Paolo Russo;400V-460V 3PH 50Hz-60Hz;PASSED;;t002
chiuso VT 2 giri tot 7,0 kg VT chiusa 6 giri;0 days 00:04:55;1.7;1.7;1.22;5.2;1.7;1.6;31.05;30.56;19.27;15.13;30.27;28.1;27.96;30.7;31.93;32.02;31.9;32.01;32.6;32.21;46.86;32.37;8.77;32.13;28.37;0.2;9.41;0.4;4.0;-999.0;-999.0;-999.0;-999.0;-999.0;-999.0;-999.0;-999.0;-999.0;-999.0;-999.0;-999.0;-999.0;-999.0;-999.0;-999.0;7.33;4.01;0.81;49.89;0.0;2110.0;842.02;0.49;31.05;30.56;58.04;4190.0;998.45;4.15;19.27;15.13;0.0;4180.0;995.67;2.17;30.27;28.1;0.07;3.94;0.1;48.1;-47.62;8.73;-45.08;1.24;79.99;0.06;77.2;31.98;0.0;200.56;0.0;;;-999.0;-999.0;-999.0;;;Data not found;Data not found;R110;1 RESTANI MATTEO;TALF8NHHBX1T1U1;00378721;616540;08/11/2024 14:00:01 - 12/11/2024 11:42:18;ACQUA;R410a_PA.txt;00;ALTA PORTATA;1;Ing. Paolo Russo;Ing. Paolo Russo;400V-460V 3PH 50Hz-60Hz;PASSED;;t002
+200 gr tot 7,2 kg VT chiusa 6 giri;0 days 00:04:50;1.6;1.7;1.21;5.2;1.7;1.59;22.69;22.41;19.1;14.98;22.47;22.25;28.41;30.87;31.87;32.28;32.38;31.72;400.0;31.92;47.19;33.07;8.61;33.0;28.64;0.2;9.4;0.4;4.0;-999.0;-999.0;-999.0;-999.0;-999.0;-999.0;-999.0;-999.0;-999.0;-999.0;-999.0;-999.0;-999.0;-999.0;-999.0;-999.0;7.46;4.07;0.79;49.9;0.0;2080.0;846.17;0.28;22.69;22.41;57.45;4190.0;998.48;4.12;19.1;14.98;0.0;4180.0;997.42;0.22;22.47;22.25;0.06;3.99;0.14;48.48;-47.74;8.63;-45.06;1.29;80.81;0.04;78.07;32.07;0.0;199.97;0.0;;;-999.0;-999.0;-999.0;;;Data not found;Data not found;R110;1 RESTANI MATTEO;TALF8NHHBX1T1U1;00378721;616540;08/11/2024 14:00:01 - 12/11/2024 11:42:18;ACQUA;R410a_PA.txt;00;ALTA PORTATA;1;Ing. Paolo Russo;Ing. Paolo Russo;400V-460V 3PH 50Hz-60Hz;PASSED;;t002
chiuso VT 2 giri tot 7,2 kg VT chiusa 8 giri;0 days 00:05:05;1.6;1.7;1.22;5.2;1.7;1.6;25.31;24.81;19.18;15.05;24.15;23.22;27.69;30.38;31.96;32.19;32.41;31.72;400.0;32.01;47.05;33.02;12.42;33.02;28.52;0.2;9.27;0.4;4.0;-999.0;-999.0;-999.0;-999.0;-999.0;-999.0;-999.0;-999.0;-999.0;-999.0;-999.0;-999.0;-999.0;-999.0;-999.0;-999.0;7.47;4.07;0.79;49.9;0.0;2089.9;844.9;0.5;25.31;24.81;57.81;4190.0;998.47;4.13;19.18;15.05;0.0;4180.0;997.12;0.92;24.15;23.22;0.03;3.96;0.13;48.32;-47.68;8.2;-45.0;1.27;80.7;4.22;78.02;32.07;0.0;200.75;0.0;;;-999.0;-999.0;-999.0;;;Data not found;Data not found;R110;1 RESTANI MATTEO;TALF8NHHBX1T1U1;00378721;616540;08/11/2024 14:00:01 - 12/11/2024 11:42:18;ACQUA;R410a_PA.txt;00;ALTA PORTATA;1;Ing. Paolo Russo;Ing. Paolo Russo;400V-460V 3PH 50Hz-60Hz;PASSED;;t002
chiuso VT 2 giri tot 7,2 kg VT chiusa 10 giri;0 days 00:04:30;1.6;1.7;1.23;5.2;1.7;1.6;26.29;25.65;19.36;15.2;24.79;23.64;27.59;30.22;31.97;32.16;32.36;31.69;400.0;31.99;47.05;32.97;12.77;32.98;28.53;0.2;9.3;0.4;4.0;-999.0;-999.0;-999.0;-999.0;-999.0;-999.0;-999.0;-999.0;-999.0;-999.0;-999.0;-999.0;-999.0;-999.0;-999.0;-999.0;7.45;4.06;0.79;49.9;0.0;2090.0;844.44;0.64;26.29;25.65;58.14;4190.0;998.44;4.16;19.36;15.2;0.0;4180.0;996.99;1.15;24.79;23.64;0.02;3.98;0.13;48.33;-47.69;8.31;-45.03;1.28;80.67;4.46;78.01;32.03;0.42;200.3;0.0;;;-999.0;-999.0;-999.0;;;Data not found;Data not found;R110;1 RESTANI MATTEO;TALF8NHHBX1T1U1;00378721;616540;08/11/2024 14:00:01 - 12/11/2024 11:42:18;ACQUA;R410a_PA.txt;00;ALTA PORTATA;1;Ing. Paolo Russo;Ing. Paolo Russo;400V-460V 3PH 50Hz-60Hz;PASSED;;t002
7,2 kg VT chiusa 10 giri 460/3/60 W15L32;0 days 00:05:10;1.7;1.7;1.79;7.1;1.7;1.6;28.15;27.25;19.38;15.37;26.22;24.67;26.54;29.79;31.9;32.06;32.24;31.54;400.0;31.44;48.86;33.1;15.51;33.1;29.81;0.2;8.87;0.4;4.0;-999.0;-999.0;-999.0;-999.0;-999.0;-999.0;-999.0;-999.0;-999.0;-999.0;-999.0;-999.0;-999.0;-999.0;-999.0;-999.0;7.7;5.16;0.84;59.87;0.0;2097.02;843.57;0.9;28.15;27.25;64.26;4190.0;998.42;4.01;19.38;15.37;0.0;4180.0;996.68;1.55;26.22;24.67;0.02;5.33;0.13;50.18;-47.67;6.9;-44.91;1.32;80.76;8.61;78.02;31.93;0.0;229.89;0.0;;;-999.0;-999.0;-999.0;;;Data not found;Data not found;R110;1 RESTANI MATTEO;TALF8NHHBX1T1U1;00378721;616540;08/11/2024 14:00:01 - 12/11/2024 11:42:18;ACQUA;R410a_PA.txt;00;ALTA PORTATA;1;Ing. Paolo Russo;Ing. Paolo Russo;400V-460V 3PH 50Hz-60Hz;PASSED;;t002
HHHHHHHHHHHHHHHHHHHHHHHHHHHHHHHHHHHHHHHHHHHHHHHHHHHHHHHHHHHHHHHHHHHHHHHHHHHLLLL;0 days 00:00:05;0.9;1.0;2.9;2.8;1.1;1.0;20.49;20.33;21.39;21.5;20.91;20.78;21.41;21.41;21.3;21.2;21.3;21.3;21.0;21.0;20.4;21.0;22.0;20.9;5.5;0.7;0.3;0.2;1.0;-999.0;-999.0;-999.0;-999.0;0.51;0.04;0.11;59.8;-999.0;-999.0;-999.0;-999.0;-999.0;-999.0;-999.0;-999.0;-999.0;-999.0;-999.0;-999.0;-0.03;2070.0;847.25;0.16;20.49;20.33;0.0;4180.0;997.62;0.11;21.39;21.5;0.0;4180.0;997.75;0.13;20.91;20.78;0.12;0.08;0.08;21.89;-17.53;-22.83;-25.66;1.45;38.55;44.87;46.6;21.3;0.0;0.0;0.0;;;-999.0;460.5;-999.0;;;Data not found;Data not found;R60;1 ARTIOLI MICHAEL;WALA5NHSBXNV000;00379557;616622;14/11/2024 16:20:54;ACQUA;R513a_PA.txt;00;ALTA PORTATA;1;Ing. Flavio Dias;Ing. Paolo Russo;400V-460V 3PH 50Hz-60Hz;;;t003
111111111111111111111111111111111111111111111111111111112222222222222222222222222222222222222222222233333333333333333333333333333333333333333333333333333333;0 days 00:00:20;0.9;1.0;2.3;2.2;1.1;1.0;18.7;18.57;18.11;18.53;19.61;19.66;20.7;20.33;17.9;17.8;17.9;17.8;17.4;17.26;17.9;16.9;18.5;16.92;5.0;0.7;0.3;0.18;1.0;-999.0;-999.0;-999.0;-999.0;0.0;0.0;1.0;0.0;-999.0;-999.0;-999.0;-999.0;-999.0;-999.0;-999.0;-999.0;-999.0;-999.0;-999.0;-999.0;-0.02;2066.33;848.15;0.12;18.7;18.57;0.0;4186.77;998.25;0.42;18.11;18.53;0.0;4180.0;998.0;0.05;19.61;19.66;0.15;0.08;0.09;19.43;-17.7;-22.92;-26.19;1.58;34.61;41.44;43.13;17.84;0.0;0.0;0.0;;;-999.0;0.3;-999.0;;;Data not found;Data not found;R60;1 CARLINI MIRKO;WALA5NHSBXNV000;00379557;616622;15/11/2024 08:40:55;ACQUA;R513a_PA.txt;00;ALTA PORTATA;1;Ing. Flavio Dias;Ing. Paolo Russo;400V-460V 3PH 50Hz-60Hz;;;t004
CIRC.1 - 6,8 kg VT chiusa 6 giri varifica resa e surriscaldamento;0 days 00:05:00;1.7;1.7;1.22;4.3;1.6;1.6;23.21;23.36;11.83;8.41;21.23;20.63;33.4;34.84;35.22;34.9;34.89;34.94;400.0;34.95;46.03;34.91;9.97;30.99;27.94;26.56;7.7;8.71;4.0;-999.0;-999.0;-999.0;-999.0;-999.0;-999.0;-999.0;-999.0;-999.0;-999.0;-999.0;-999.0;-999.0;-999.0;-999.0;-999.0;30.82;17.75;0.83;49.9;0.0;2080.0;845.8;0.16;23.21;23.36;37.13;4198.83;999.43;3.42;11.83;8.41;0.0;4180.0;997.73;0.6;21.23;20.63;0.03;3.04;0.07;47.46;45.38;2.77;6.49;1.43;10.47;7.2;24.5;34.99;0.0;155.24;0.0;;;-999.0;-999.0;-999.0;;;Data not found;Data not found;R110;1 RESTANI MATTEO;TALI4NMHBXVT900;00379798;616819;26/11/2024 13:15:10 - 26/11/2024 14:15:52;ACQUA;R410a_PA.txt;02;ALTA PORTATA;2;Ing. Flavio Dias;Ing. Paolo Russo;400V 3PH 50Hz;PASSED;;t005
CIRC.2 - 6,8 kg VT chiusa 6 giri varifica resa e surriscaldamento;0 days 00:04:45;1.7;1.7;1.2;4.3;1.6;1.6;25.68;25.53;11.52;8.09;22.8;21.68;32.84;34.46;35.32;35.46;34.05;35.21;400.0;34.94;35.5;43.98;26.58;9.27;21.0;28.39;11.41;7.6;4.0;-999.0;-999.0;-999.0;-999.0;-999.0;-999.0;-999.0;-999.0;-999.0;-999.0;-999.0;-999.0;-999.0;-999.0;-999.0;-999.0;31.4;18.16;0.84;49.9;0.0;2090.0;844.63;0.15;25.68;25.53;37.4;4200.0;999.46;3.43;11.52;8.09;0.0;4180.0;997.45;1.12;22.8;21.68;0.06;3.08;0.04;36.03;48.12;14.68;2.44;0.52;4.14;11.89;6.84;35.02;0.0;155.65;0.0;;;-999.0;-999.0;-999.0;;;Data not found;Data not found;R110;1 RESTANI MATTEO;TALI4NMHBXVT900;00379798;616819;26/11/2024 13:15:10 - 26/11/2024 14:15:52;ACQUA;R410a_PA.txt;02;ALTA PORTATA;2;Ing. Flavio Dias;Ing. Paolo Russo;400V 3PH 50Hz;PASSED;;t005
CIRC,1+CIRC.2 - 6,8 kg+6,8 kg VT chiuse 6 giri verifica resa e surriscaldamento W8L35;0 days 00:05:05;1.7;1.68;1.9;3.77;1.6;1.6;26.84;26.78;11.76;8.38;23.53;22.17;27.44;31.45;35.59;34.85;33.35;33.92;400.0;35.41;46.12;44.14;10.19;9.76;27.97;28.48;7.63;7.69;4.0;-999.0;-999.0;-999.0;-999.0;-999.0;-999.0;-999.0;-999.0;-999.0;-999.0;-999.0;-999.0;-999.0;-999.0;-999.0;-999.0;62.46;36.0;0.85;49.89;0.0;2090.0;844.03;0.05;26.84;26.78;73.85;4199.33;999.43;3.38;11.76;8.38;0.0;4180.0;997.31;1.36;23.53;22.17;0.07;1.84;0.02;47.51;48.26;2.58;2.75;1.39;4.13;7.61;7.01;34.43;0.0;312.62;0.0;;;-999.0;-999.0;-999.0;;;Data not found;Data not found;R110;1 RESTANI MATTEO;TALI4NMHBXVT900;00379798;616819;26/11/2024 13:15:10 - 26/11/2024 14:15:52;ACQUA;R410a_PA.txt;02;ALTA PORTATA;2;Ing. Flavio Dias;Ing. Paolo Russo;400V 3PH 50Hz;PASSED;;t005
precarica 2,0 kg VT tutta aperta;0 days 00:04:40;1.7;1.6;1.0;3.2;1.7;1.7;25.18;24.84;18.77;15.33;24.92;23.81;32.38;32.68;31.89;32.13;31.68;32.2;400.0;32.63;43.19;31.81;18.81;400.0;25.71;14.4;10.2;13.52;1.0;-999.0;-999.0;-999.0;-999.0;13.78;6.58;0.68;49.8;-999.0;-999.0;-999.0;-999.0;-999.0;-999.0;-999.0;-999.0;-999.0;-999.0;-999.0;-999.0;0.0;2089.77;844.93;0.34;25.18;24.84;14.33;4190.0;998.48;3.44;18.77;15.33;0.0;4180.0;996.95;1.11;24.92;23.81;0.04;2.19;0.05;44.07;22.3;11.18;20.32;0.89;9.52;7.65;379.68;31.98;0.0;59.75;0.0;;;-999.0;403.16;-999.0;;;Data not found;Data not found;R110;1 RESTANI MATTEO;TALA8NMSXXGN006;00380014;616899;26/11/2024 17:35:31 - 27/11/2024 15:25:32;ACQUA;R410a_PA.txt;04;ALTA PORTATA;1;Ing. Flavio Dias;Ing. Paolo Russo;400V 3PH 50Hz;PASSED;;t006
+200 gr tot 2,2 kg VT tutta aperta;0 days 00:05:51;1.7;1.62;1.0;3.2;1.7;1.7;25.83;25.73;19.08;15.31;25.37;24.14;31.82;32.3;31.98;32.11;31.77;32.15;400.0;32.95;44.59;31.86;15.59;400.0;26.63;14.5;10.65;13.63;1.0;-999.0;-999.0;-999.0;-999.0;13.97;6.74;0.69;49.87;-999.0;-999.0;-999.0;-999.0;-999.0;-999.0;-999.0;-999.0;-999.0;-999.0;-999.0;-999.0;0.0;2090.0;844.54;0.1;25.83;25.73;15.67;4190.0;998.45;3.76;19.08;15.31;0.0;4180.0;996.86;1.23;25.37;24.14;0.05;2.19;0.07;45.49;22.61;12.5;20.59;0.9;9.25;3.08;379.41;32.0;0.0;59.74;0.0;;;-999.0;404.13;-999.0;;;Data not found;Data not found;R110;1 RESTANI MATTEO;TALA8NMSXXGN006;00380014;616899;26/11/2024 17:35:31 - 27/11/2024 15:25:32;ACQUA;R410a_PA.txt;04;ALTA PORTATA;1;Ing. Flavio Dias;Ing. Paolo Russo;400V 3PH 50Hz;PASSED;;t006
+200 gr tot 2,4 kg VT tutta aperta;0 days 00:04:51;1.7;1.6;1.0;3.2;1.7;1.8;26.79;26.9;19.17;15.06;26.03;24.65;31.54;32.14;31.99;32.09;31.82;32.11;400.0;33.14;46.18;31.85;12.82;400.0;27.69;14.6;10.59;13.7;1.0;-999.0;-999.0;-999.0;-999.0;14.08;6.89;0.7;49.86;-999.0;-999.0;-999.0;-999.0;-999.0;-999.0;-999.0;-999.0;-999.0;-999.0;-999.0;-999.0;0.0;2090.0;844.01;0.11;26.79;26.9;17.1;4190.0;998.47;4.11;19.17;15.06;0.0;4180.0;996.71;1.38;26.03;24.65;0.07;2.18;0.1;47.06;22.72;12.27;20.72;0.89;9.13;0.56;379.28;32.01;0.0;59.65;0.0;;;-999.0;402.28;-999.0;;;Data not found;Data not found;R110;1 RESTANI MATTEO;TALA8NMSXXGN006;00380014;616899;26/11/2024 17:35:31 - 27/11/2024 15:25:32;ACQUA;R410a_PA.txt;04;ALTA PORTATA;1;Ing. Flavio Dias;Ing. Paolo Russo;400V 3PH 50Hz;PASSED;;t006
+200 gr tot 2,6 kg VT tutta aperta;0 days 00:06:02;1.7;1.66;1.0;3.2;1.7;1.8;27.59;27.74;19.18;15.02;26.59;25.1;31.5;32.1;32.01;32.06;31.82;32.1;400.0;33.24;46.69;31.81;12.57;400.0;28.01;14.6;10.59;13.7;1.0;-999.0;-999.0;-999.0;-999.0;14.23;6.96;0.7;49.81;-999.0;-999.0;-999.0;-999.0;-999.0;-999.0;-999.0;-999.0;-999.0;-999.0;-999.0;-999.0;0.0;2096.67;843.59;0.14;27.59;27.74;17.28;4190.0;998.47;4.16;19.18;15.02;0.0;4180.0;996.58;1.48;26.59;25.1;0.07;2.17;0.12;47.59;22.76;12.25;20.75;0.9;9.08;0.32;379.25;32.0;0.0;59.56;0.0;;;-999.0;404.23;-999.0;;;Data not found;Data not found;R110;1 RESTANI MATTEO;TALA8NMSXXGN006;00380014;616899;26/11/2024 17:35:31 - 27/11/2024 15:25:32;ACQUA;R410a_PA.txt;04;ALTA PORTATA;1;Ing. Flavio Dias;Ing. Paolo Russo;400V 3PH 50Hz;PASSED;;t006
chiuso VT 2 giri tot 2,6 kg VTchiusa 2 giri;0 days 00:05:30;1.7;1.62;1.0;3.2;1.7;1.8;28.19;28.32;19.32;15.0;27.02;25.47;31.43;32.07;32.01;32.06;31.86;32.1;400.0;33.23;47.15;31.85;12.03;400.0;28.34;14.6;10.33;13.7;1.0;-999.0;-999.0;-999.0;-999.0;14.23;6.99;0.7;49.87;-999.0;-999.0;-999.0;-999.0;-999.0;-999.0;-999.0;-999.0;-999.0;-999.0;-999.0;-999.0;0.0;2100.0;843.29;0.13;28.19;28.32;17.97;4190.0;998.46;4.32;19.32;15.0;0.0;4180.0;996.48;1.55;27.02;25.47;0.08;2.17;0.15;48.06;22.79;11.58;20.76;0.91;9.06;0.45;379.24;32.0;0.0;59.62;0.0;;;-999.0;404.02;-999.0;;;Data not found;Data not found;R110;1 RESTANI MATTEO;TALA8NMSXXGN006;00380014;616899;26/11/2024 17:35:31 - 27/11/2024 15:25:32;ACQUA;R410a_PA.txt;04;ALTA PORTATA;1;Ing. Flavio Dias;Ing. Paolo Russo;400V 3PH 50Hz;PASSED;;t006
Carica 2.6 Kg. chiusa 2 giri. Rifatto il report in quanto la macchina lavora diversamente da ieri.;0 days 00:05:16;1.6;1.6;1.0;3.2;1.66;1.6;24.14;24.2;19.47;15.11;23.51;23.08;32.14;32.65;31.76;32.16;31.77;32.23;31.31;31.22;46.73;31.77;15.72;400.0;28.26;14.4;10.01;13.41;1.0;-999.0;-999.0;-999.0;-999.0;12.38;6.66;0.78;49.9;-999.0;-999.0;-999.0;-999.0;-999.0;-999.0;-999.0;-999.0;-999.0;-999.0;-999.0;-999.0;0.0;2081.67;845.35;0.06;24.14;24.2;18.13;4190.0;998.44;4.36;19.47;15.11;0.0;4180.0;997.21;0.43;23.51;23.08;0.0;2.17;0.03;47.93;22.38;10.59;20.07;1.2;9.39;5.12;379.93;31.98;0.0;59.59;0.0;;;-999.0;398.15;-999.0;;;Data not found;Data not found;R110;1 RESTANI MATTEO;TALA8NMSXXGN006;00380014;616899;26/11/2024 17:35:31 - 27/11/2024 15:25:32;ACQUA;R410a_PA.txt;04;ALTA PORTATA;1;Ing. Flavio Dias;Ing. Paolo Russo;400V 3PH 50Hz;PASSED;;t006
chiuso VT 2 giri tot 2,6 kg VT chiusa 4 giri;0 days 00:05:45;1.7;1.65;1.0;3.2;1.7;1.9;29.71;29.59;19.72;15.32;27.97;26.64;31.54;32.19;32.2;32.21;31.66;31.92;33.13;33.2;47.05;32.02;17.08;400.0;28.49;14.6;10.07;13.68;1.0;-999.0;-999.0;-999.0;-999.0;13.98;7.0;0.74;49.84;-999.0;-999.0;-999.0;-999.0;-999.0;-999.0;-999.0;-999.0;-999.0;-999.0;-999.0;-999.0;0.0;2106.53;842.59;0.12;29.71;29.59;18.2;4190.0;998.4;4.39;19.72;15.32;0.0;4180.0;996.19;1.33;27.97;26.64;0.06;2.17;0.2;48.27;22.85;10.76;20.62;1.22;9.17;6.32;379.38;32.0;0.0;59.41;0.0;;;-999.0;390.84;-999.0;;;Data not found;Data not found;R110;1 RESTANI MATTEO;TALA8NMSXXGN006;00380014;616899;26/11/2024 17:35:31 - 27/11/2024 15:25:32;ACQUA;R410a_PA.txt;04;ALTA PORTATA;1;Ing. Flavio Dias;Ing. Paolo Russo;400V 3PH 50Hz;PASSED;;t006
precarica 2,0 kg - aggiunto 600 gr tot 2,6 kg VT chiusa 4 giri - collaudo per linea;0 days 00:05:25;1.7;1.61;1.7;2.9;1.7;1.9;27.48;27.1;19.6;15.51;27.91;26.8;31.93;32.42;31.99;32.17;31.45;32.2;32.36;32.42;31.84;31.9;31.5;400.0;29.12;14.4;10.1;13.49;1.0;-999.0;-999.0;-999.0;-999.0;14.33;7.21;0.74;49.81;-999.0;-999.0;-999.0;-999.0;-999.0;-999.0;-999.0;-999.0;-999.0;-999.0;-999.0;-999.0;0.0;2092.91;843.78;0.39;27.48;27.1;17.05;4190.0;998.39;4.09;19.6;15.51;0.0;4180.0;996.18;1.1;27.91;26.8;0.01;1.19;0.2;49.18;22.34;10.83;20.2;17.34;9.56;20.67;379.8;31.95;0.0;68.76;0.0;;;-999.0;393.85;-999.0;;;Data not found;Data not found;R110;1 RESTANI MATTEO;TALA8NMSXXGN006;00380015;616899;27/11/2024 17:18:27 - 27/11/2024 17:24:04;ACQUA;R410a_PA.txt;04;ALTA PORTATA;1;Ing. Flavio Dias;Ing. Paolo Russo;400V 3PH 50Hz;PASSED;;t007
R410a precarica 2,5 kg VT tutta aperta;0 days 00:04:56;1.6;1.7;0.1;0.6;1.8;4.0;22.51;22.84;31.6;31.08;22.75;15.06;31.39;32.29;31.77;32.19;32.23;31.94;400.0;33.07;42.84;31.76;16.82;31.58;25.7;0.2;8.8;0.4;2.0;-999.0;-999.0;-999.0;-999.0;-999.0;-999.0;-999.0;-999.0;17.41;10.29;0.85;49.9;-999.0;-999.0;-999.0;-999.0;-999.0;-999.0;-999.0;-999.0;0.0;2080.0;846.11;0.33;22.51;22.84;-0.0;4180.0;995.03;0.52;31.6;31.08;26.42;4180.95;998.14;7.7;22.75;15.06;0.02;0.42;2.22;44.03;-47.81;6.74;-45.11;1.18;79.57;10.08;76.69;32.03;0.0;0.0;49.35;;;-999.0;-999.0;401.62;;;Data not found;Data not found;R110;1 RESTANI MATTEO;TALC5NMSBXSU000;00380503;617094;13/11/2024 09:30:19;GLICOLE;R410a_PA.txt;00;ALTA PORTATA;1;Ing. Paolo Russo;Ing. Paolo Russo;400V 3PH 50Hz;;;t008
+200 gr tot 2,7 kg VT tutta aperta;0 days 00:04:35;1.65;1.7;0.1;0.6;1.8;4.0;24.63;24.94;31.74;31.35;23.31;14.99;31.0;32.04;31.85;32.11;32.15;31.92;400.0;33.5;43.43;31.81;15.29;31.71;26.08;0.2;9.11;0.4;2.0;-999.0;-999.0;-999.0;-999.0;-999.0;-999.0;-999.0;-999.0;17.61;10.45;0.85;49.9;-999.0;-999.0;-999.0;-999.0;-999.0;-999.0;-999.0;-999.0;0.0;2087.82;845.04;0.31;24.63;24.94;0.0;4180.0;994.96;0.4;31.74;31.35;28.33;4180.0;998.09;8.31;23.31;14.99;0.02;0.44;2.22;44.65;-47.8;7.75;-45.09;1.23;79.61;7.54;76.79;32.01;0.0;0.0;49.01;;;-999.0;-999.0;401.49;;;Data not found;Data not found;R110;1 RESTANI MATTEO;TALC5NMSBXSU000;00380503;617094;13/11/2024 09:30:19;GLICOLE;R410a_PA.txt;00;ALTA PORTATA;1;Ing. Paolo Russo;Ing. Paolo Russo;400V 3PH 50Hz;;;t008
+200 gr tot 2,9 kg VT tutta aperta;0 days 00:04:51;1.7;1.7;0.1;0.6;1.8;4.0;25.92;26.08;31.79;31.46;23.81;15.14;30.92;32.01;31.88;32.12;32.2;31.92;295.24;33.76;44.15;31.88;13.98;31.8;26.59;0.2;9.4;0.4;2.0;-999.0;-999.0;-999.0;-999.0;-999.0;-999.0;-999.0;-999.0;17.79;10.57;0.85;49.87;-999.0;-999.0;-999.0;-999.0;-999.0;-999.0;-999.0;-999.0;0.0;2090.0;844.43;0.16;25.92;26.08;0.0;4180.0;994.94;0.33;31.79;31.46;29.48;4180.0;998.03;8.68;23.81;15.14;0.02;0.46;2.22;45.41;-47.75;8.71;-45.03;1.26;79.62;5.28;76.83;32.02;0.0;0.0;48.87;;;-999.0;-999.0;401.09;;;Data not found;Data not found;R110;1 RESTANI MATTEO;TALC5NMSBXSU000;00380503;617094;13/11/2024 09:30:19;GLICOLE;R410a_PA.txt;00;ALTA PORTATA;1;Ing. Paolo Russo;Ing. Paolo Russo;400V 3PH 50Hz;;;t008
+200 gr tot 3,1 kg VT tutta aperta;0 days 00:04:50;1.7;1.7;0.1;0.6;1.8;4.0;28.01;27.86;31.77;31.51;24.0;15.13;30.69;31.81;31.86;32.04;32.08;31.85;344.76;33.67;44.57;31.81;13.17;31.76;26.88;0.2;9.59;0.4;2.0;-999.0;-999.0;-999.0;-999.0;-999.0;-999.0;-999.0;-999.0;17.91;10.62;0.86;49.9;-999.0;-999.0;-999.0;-999.0;-999.0;-999.0;-999.0;-999.0;0.0;2099.35;843.45;0.15;28.01;27.86;0.0;4180.0;994.93;0.26;31.77;31.51;30.3;4180.0;998.01;8.86;24.0;15.13;0.01;0.47;2.21;45.86;-47.71;9.32;-45.03;1.28;79.52;3.85;76.78;31.96;0.0;0.0;49.17;;;-999.0;-999.0;396.45;;;Data not found;Data not found;R110;1 RESTANI MATTEO;TALC5NMSBXSU000;00380503;617094;13/11/2024 09:30:19;GLICOLE;R410a_PA.txt;00;ALTA PORTATA;1;Ing. Paolo Russo;Ing. Paolo Russo;400V 3PH 50Hz;;;t008
+200 gr tot 3,3 kg VT tutta aperta;0 days 00:05:06;1.7;1.7;0.1;0.6;1.8;4.0;29.15;28.82;31.8;31.55;24.2;15.06;30.59;31.78;31.87;32.04;32.07;31.82;388.25;33.7;45.08;31.81;12.76;31.77;27.21;0.2;9.74;0.4;2.0;-999.0;-999.0;-999.0;-999.0;-999.0;-999.0;-999.0;-999.0;17.97;10.69;0.86;49.9;-999.0;-999.0;-999.0;-999.0;-999.0;-999.0;-999.0;-999.0;0.0;2100.04;842.93;0.33;29.15;28.82;0.0;4180.0;994.92;0.25;31.8;31.55;30.96;4180.0;998.0;9.14;24.2;15.06;0.01;0.49;2.22;46.38;-47.69;9.75;-44.99;1.3;79.51;3.02;76.76;31.95;0.0;0.0;48.73;;;-999.0;-999.0;401.35;;;Data not found;Data not found;R110;1 RESTANI MATTEO;TALC5NMSBXSU000;00380503;617094;13/11/2024 09:30:19;GLICOLE;R410a_PA.txt;00;ALTA PORTATA;1;Ing. Paolo Russo;Ing. Paolo Russo;400V 3PH 50Hz;;;t008
+200 gr tot 3,5 kg VT tutta aperta;0 days 00:05:31;1.7;1.7;0.1;0.6;1.8;4.0;29.95;29.53;31.83;31.57;24.25;15.06;30.65;31.83;31.86;32.09;32.13;31.89;149.7;33.79;45.43;31.86;13.01;31.81;27.44;0.2;9.87;0.4;2.0;-999.0;-999.0;-999.0;-999.0;-999.0;-999.0;-999.0;-999.0;17.97;10.7;0.86;49.9;-999.0;-999.0;-999.0;-999.0;-999.0;-999.0;-999.0;-999.0;0.0;2107.4;842.55;0.42;29.95;29.53;0.0;4180.0;994.91;0.26;31.83;31.57;31.38;4180.0;998.0;9.19;24.25;15.06;0.02;0.51;2.21;46.72;-47.66;10.11;-45.01;1.29;79.52;2.91;76.82;31.99;0.0;0.0;49.13;;;-999.0;-999.0;401.07;;;Data not found;Data not found;R110;1 RESTANI MATTEO;TALC5NMSBXSU000;00380503;617094;13/11/2024 09:30:19;GLICOLE;R410a_PA.txt;00;ALTA PORTATA;1;Ing. Paolo Russo;Ing. Paolo Russo;400V 3PH 50Hz;;;t008
+100 gr tot 3,6 kg VT tutta aperta;0 days 00:05:25;1.62;1.7;0.1;0.7;1.8;4.0;30.65;30.17;31.89;31.67;24.36;15.11;30.54;31.81;31.91;32.08;32.13;31.89;33.25;33.26;45.65;31.91;13.19;31.89;27.59;0.2;9.93;0.4;2.0;-999.0;-999.0;-999.0;-999.0;-999.0;-999.0;-999.0;-999.0;18.07;10.69;0.87;49.9;-999.0;-999.0;-999.0;-999.0;-999.0;-999.0;-999.0;-999.0;0.0;2110.0;842.21;0.48;30.65;30.17;0.0;4180.0;994.89;0.22;31.89;31.67;31.53;4180.0;997.98;9.25;24.36;15.11;0.02;0.53;2.2;46.94;-47.63;10.32;-45.06;1.29;79.54;2.85;76.95;32.0;0.0;0.0;49.02;;;-999.0;-999.0;392.05;;;Data not found;Data not found;R110;1 RESTANI MATTEO;TALC5NMSBXSU000;00380503;617094;13/11/2024 09:30:19;GLICOLE;R410a_PA.txt;00;ALTA PORTATA;1;Ing. Paolo Russo;Ing. Paolo Russo;400V 3PH 50Hz;;;t008
+100 gr tot 3,7 kg VT tutta aperta;0 days 00:05:55;1.67;1.7;0.1;0.7;1.8;4.0;31.3;30.92;31.95;31.72;24.17;14.96;30.58;31.83;31.93;32.13;32.15;31.93;33.79;33.57;45.78;31.91;13.06;31.86;27.67;0.2;9.93;0.4;2.0;-999.0;-999.0;-999.0;-999.0;-999.0;-999.0;-999.0;-999.0;18.01;10.71;0.86;49.9;-999.0;-999.0;-999.0;-999.0;-999.0;-999.0;-999.0;-999.0;0.0;2110.0;841.87;0.37;31.3;30.92;0.0;4180.0;994.87;0.23;31.95;31.72;31.55;4180.0;998.01;9.21;24.17;14.96;0.01;0.57;2.21;47.06;-47.56;10.32;-45.08;1.29;79.47;2.73;76.94;32.04;0.0;0.0;49.28;;;-999.0;-999.0;398.24;;;Data not found;Data not found;R110;1 RESTANI MATTEO;TALC5NMSBXSU000;00380503;617094;13/11/2024 09:30:19;GLICOLE;R410a_PA.txt;00;ALTA PORTATA;1;Ing. Paolo Russo;Ing. Paolo Russo;400V 3PH 50Hz;;;t008
chiuso VT 1 giro tot 3,7 kg VT chiusa 1 giro;0 days 00:05:01;1.6;1.6;0.1;0.54;1.8;4.0;23.81;24.09;31.78;31.4;24.85;15.24;30.99;32.15;31.75;32.2;32.24;31.99;400.0;33.3;45.78;31.88;12.45;31.75;27.69;0.2;9.78;0.4;2.0;-999.0;-999.0;-999.0;-999.0;-999.0;-999.0;-999.0;-999.0;18.08;10.78;0.86;49.9;-999.0;-999.0;-999.0;-999.0;-999.0;-999.0;-999.0;-999.0;0.0;2080.18;845.46;0.27;23.81;24.09;0.0;4180.0;994.95;0.38;31.78;31.4;31.79;4180.0;997.92;9.61;24.85;15.24;0.02;0.42;2.24;47.1;-47.76;9.87;-45.13;1.32;79.63;2.58;76.87;32.04;0.0;0.0;47.58;;;-999.0;-999.0;402.03;;;Data not found;Data not found;R110;1 RESTANI MATTEO;TALC5NMSBXSU000;00380503;617094;13/11/2024 09:30:19;GLICOLE;R410a_PA.txt;00;ALTA PORTATA;1;Ing. Paolo Russo;Ing. Paolo Russo;400V 3PH 50Hz;;;t008
+100 gr tot 3,8 kg VT chiusa 1 giro;0 days 00:05:50;1.68;1.7;0.1;0.6;1.8;4.0;26.71;26.89;31.83;31.53;25.01;15.35;30.68;31.9;31.84;32.11;32.12;31.92;400.0;33.58;45.8;31.85;13.19;31.8;27.71;0.2;9.79;0.4;2.0;-999.0;-999.0;-999.0;-999.0;-999.0;-999.0;-999.0;-999.0;18.03;10.76;0.85;49.9;-999.0;-999.0;-999.0;-999.0;-999.0;-999.0;-999.0;-999.0;0.0;2090.0;844.03;0.18;26.71;26.89;0.0;4180.0;994.92;0.3;31.83;31.53;32.01;4180.0;997.89;9.67;25.01;15.35;0.02;0.44;2.24;47.12;-47.69;9.88;-45.12;1.31;79.55;3.31;76.92;32.0;0.0;0.0;47.62;;;-999.0;-999.0;403.91;;;Data not found;Data not found;R110;1 RESTANI MATTEO;TALC5NMSBXSU000;00380503;617094;13/11/2024 09:30:19;GLICOLE;R410a_PA.txt;00;ALTA PORTATA;1;Ing. Paolo Russo;Ing. Paolo Russo;400V 3PH 50Hz;;;t008
+100 gr tot 3,9 kg VT chiusa 1 giro;0 days 00:07:26;1.64;1.7;0.1;0.6;1.8;4.0;28.77;28.45;31.83;31.57;25.04;15.85;30.7;31.94;31.85;32.14;32.17;31.95;400.0;33.19;45.91;31.87;13.36;31.78;27.76;0.2;9.82;0.4;2.0;-999.0;-999.0;-999.0;-999.0;-999.0;-999.0;-999.0;-999.0;18.08;10.79;0.85;49.9;-999.0;-999.0;-999.0;-999.0;-999.0;-999.0;-999.0;-999.0;0.0;2100.0;843.12;0.31;28.77;28.45;0.0;4180.0;994.91;0.25;31.83;31.57;32.0;4180.0;997.84;9.19;25.04;15.85;0.01;0.46;2.2;47.18;-47.69;9.96;-45.09;1.26;79.57;3.41;76.87;32.04;0.03;0.0;50.1;;;-999.0;-999.0;403.04;;;Data not found;Data not found;R110;1 RESTANI MATTEO;TALC5NMSBXSU000;00380503;617094;13/11/2024 09:30:19;GLICOLE;R410a_PA.txt;00;ALTA PORTATA;1;Ing. Paolo Russo;Ing. Paolo Russo;400V 3PH 50Hz;;;t008
chiuso VT 1 giro tot 3,9 kg VT chiusa 2 giri;0 days 00:04:15;1.7;1.7;0.1;0.6;1.8;4.0;29.46;29.17;31.82;31.65;24.88;15.55;30.54;31.77;31.82;32.07;32.09;31.88;400.0;33.48;45.79;31.87;12.87;31.84;27.67;0.2;9.57;0.4;2.0;-999.0;-999.0;-999.0;-999.0;-999.0;-999.0;-999.0;-999.0;18.08;10.79;0.86;49.9;-999.0;-999.0;-999.0;-999.0;-999.0;-999.0;-999.0;-999.0;0.0;2103.18;842.76;0.29;29.46;29.17;0.0;4180.0;994.9;0.18;31.82;31.65;32.01;4180.0;997.88;9.33;24.88;15.55;0.02;0.47;2.22;47.06;-47.64;9.19;-44.98;1.27;79.51;3.68;76.81;31.97;0.0;0.0;49.35;;;-999.0;-999.0;402.81;;;Data not found;Data not found;R110;1 RESTANI MATTEO;TALC5NMSBXSU000;00380503;617094;13/11/2024 09:30:19;GLICOLE;R410a_PA.txt;00;ALTA PORTATA;1;Ing. Paolo Russo;Ing. Paolo Russo;400V 3PH 50Hz;;;t008
+100 gr tot 4,0 kg VT chiusa 2 giri;0 days 00:04:55;1.7;1.7;0.1;0.6;1.8;4.0;30.73;30.36;31.95;31.79;24.75;15.57;30.51;31.79;31.87;32.08;32.12;31.9;400.0;33.63;45.57;31.91;11.83;31.91;27.54;0.2;9.6;0.4;2.0;-999.0;-999.0;-999.0;-999.0;-999.0;-999.0;-999.0;-999.0;17.98;10.68;0.86;49.9;-999.0;-999.0;-999.0;-999.0;-999.0;-999.0;-999.0;-999.0;0.0;2110.0;842.15;0.37;30.73;30.36;0.0;4180.0;994.86;0.16;31.95;31.79;31.24;4180.0;997.9;9.18;24.75;15.57;0.01;0.49;2.22;46.86;-47.62;9.29;-44.97;1.29;79.53;2.54;76.88;32.0;0.0;0.0;48.93;;;-999.0;-999.0;397.22;;;Data not found;Data not found;R110;1 RESTANI MATTEO;TALC5NMSBXSU000;00380503;617094;13/11/2024 09:30:19;GLICOLE;R410a_PA.txt;00;ALTA PORTATA;1;Ing. Paolo Russo;Ing. Paolo Russo;400V 3PH 50Hz;;;t008
chiuso VT 2 giri tot 4,0 kg VT chiusa 4 giri;0 days 00:04:46;1.7;1.7;0.1;0.6;1.8;4.0;30.93;30.54;31.94;31.78;24.71;15.49;30.55;31.81;31.95;32.14;32.16;31.93;400.0;33.48;45.54;31.92;11.35;31.89;27.5;0.2;9.4;0.4;2.0;-999.0;-999.0;-999.0;-999.0;-999.0;-999.0;-999.0;-999.0;18.0;10.71;0.86;49.8;-999.0;-999.0;-999.0;-999.0;-999.0;-999.0;-999.0;-999.0;0.0;2110.0;842.05;0.39;30.93;30.54;0.0;4180.0;994.86;0.15;31.94;31.78;31.37;4180.0;997.91;9.22;24.71;15.49;0.01;0.5;2.22;46.82;-47.6;8.7;-44.91;1.28;79.52;2.64;76.8;32.04;0.0;0.0;48.91;;;-999.0;-999.0;398.54;;;Data not found;Data not found;R110;1 RESTANI MATTEO;TALC5NMSBXSU000;00380503;617094;13/11/2024 09:30:19;GLICOLE;R410a_PA.txt;00;ALTA PORTATA;1;Ing. Paolo Russo;Ing. Paolo Russo;400V 3PH 50Hz;;;t008
+100 gr tot 4,1 kg VT chiusa 4 giri;0 days 00:04:51;1.7;1.7;0.1;0.6;1.8;4.0;31.1;30.7;31.88;31.72;24.75;15.39;30.5;31.77;32.02;32.09;32.11;31.91;400.0;33.57;45.8;31.87;11.21;31.8;27.69;0.2;9.44;0.4;2.0;-999.0;-999.0;-999.0;-999.0;-999.0;-999.0;-999.0;-999.0;18.07;10.74;0.86;49.86;-999.0;-999.0;-999.0;-999.0;-999.0;-999.0;-999.0;-999.0;0.0;2110.0;841.97;0.4;31.1;30.7;0.0;4180.0;994.88;0.16;31.88;31.72;31.83;4180.0;997.92;9.36;24.75;15.39;0.01;0.51;2.22;47.08;-47.63;8.79;-44.97;1.28;79.49;2.43;76.78;32.03;0.0;0.0;48.93;;;-999.0;-999.0;397.46;;;Data not found;Data not found;R110;1 RESTANI MATTEO;TALC5NMSBXSU000;00380503;617094;13/11/2024 09:30:19;GLICOLE;R410a_PA.txt;00;ALTA PORTATA;1;Ing. Paolo Russo;Ing. Paolo Russo;400V 3PH 50Hz;;;t008
+100 gr tot 4,2 kg VT chiusa 4 giri;0 days 00:05:55;1.68;1.7;0.1;0.6;1.8;4.0;31.25;30.83;31.87;31.73;24.71;15.24;30.48;31.74;31.97;32.08;32.1;31.88;400.0;33.43;46.01;31.85;11.11;31.81;27.83;0.2;9.46;0.4;2.0;-999.0;-999.0;-999.0;-999.0;-999.0;-999.0;-999.0;-999.0;17.87;10.62;0.85;49.64;-999.0;-999.0;-999.0;-999.0;-999.0;-999.0;-999.0;-999.0;0.0;2110.0;841.9;0.41;31.25;30.83;0.0;4180.0;994.88;0.13;31.87;31.73;32.19;4180.0;997.93;9.46;24.71;15.24;0.02;0.51;2.21;47.29;-47.62;8.83;-45.09;1.28;79.47;2.28;76.89;32.01;0.0;0.0;48.92;;;-999.0;-999.0;397.36;;;Data not found;Data not found;R110;1 RESTANI MATTEO;TALC5NMSBXSU000;00380503;617094;13/11/2024 09:30:19;GLICOLE;R410a_PA.txt;00;ALTA PORTATA;1;Ing. Paolo Russo;Ing. Paolo Russo;400V 3PH 50Hz;;;t008
+100 gr tot 4,3 kg VT chiusa 4 giri;0 days 00:04:35;1.67;1.7;0.1;0.6;1.8;4.0;31.36;30.94;31.86;31.73;24.7;15.15;30.41;31.71;31.98;32.07;32.09;31.89;400.0;33.52;46.28;31.87;11.36;31.83;28.02;0.2;9.53;0.4;2.0;-999.0;-999.0;-999.0;-999.0;-999.0;-999.0;-999.0;-999.0;18.12;10.82;0.85;49.89;-999.0;-999.0;-999.0;-999.0;-999.0;-999.0;-999.0;-999.0;0.0;2110.0;841.85;0.42;31.36;30.94;0.0;4180.0;994.88;0.13;31.86;31.73;32.52;4180.0;997.94;9.55;24.7;15.15;0.01;0.5;2.22;47.57;-47.6;9.06;-45.02;1.29;79.47;2.3;76.86;32.0;0.0;0.0;48.98;;;-999.0;-999.0;404.69;;;Data not found;Data not found;R110;1 RESTANI MATTEO;TALC5NMSBXSU000;00380503;617094;13/11/2024 09:30:19;GLICOLE;R410a_PA.txt;00;ALTA PORTATA;1;Ing. Paolo Russo;Ing. Paolo Russo;400V 3PH 50Hz;;;t008
+100 gr tot 4,4 kg VT chiusa 4 giri;0 days 00:04:45;1.62;1.7;0.1;0.6;1.8;4.0;31.44;31.02;31.88;31.75;24.68;15.07;30.29;31.64;31.93;32.04;32.02;31.81;399.84;33.55;46.49;31.83;11.61;31.8;28.16;0.2;9.6;0.4;2.0;-999.0;-999.0;-999.0;-999.0;-999.0;-999.0;-999.0;-999.0;18.13;10.78;0.86;49.86;-999.0;-999.0;-999.0;-999.0;-999.0;-999.0;-999.0;-999.0;0.0;2110.0;841.81;0.42;31.44;31.02;0.0;4180.0;994.88;0.13;31.88;31.75;32.72;4180.0;997.95;9.61;24.68;15.07;0.02;0.51;2.21;47.77;-47.58;9.27;-44.94;1.29;79.4;2.34;76.73;31.95;0.14;0.0;48.97;;;-999.0;-999.0;397.46;;;Data not found;Data not found;R110;1 RESTANI MATTEO;TALC5NMSBXSU000;00380503;617094;13/11/2024 09:30:19;GLICOLE;R410a_PA.txt;00;ALTA PORTATA;1;Ing. Paolo Russo;Ing. Paolo Russo;400V 3PH 50Hz;;;t008
+100 gr tot 4,5 kg VT chiusa 4 giri;0 days 00:05:15;1.69;1.7;0.1;0.6;1.8;4.0;31.51;31.08;31.94;31.79;24.76;15.07;30.43;31.77;32.03;32.1;32.14;31.92;398.08;33.56;46.81;31.95;12.02;31.93;28.38;0.2;9.71;0.4;2.0;-999.0;-999.0;-999.0;-999.0;-999.0;-999.0;-999.0;-999.0;18.16;10.82;0.86;49.81;-999.0;-999.0;-999.0;-999.0;-999.0;-999.0;-999.0;-999.0;0.0;2110.0;841.77;0.43;31.51;31.08;0.0;4180.0;994.86;0.15;31.94;31.79;32.98;4180.0;997.95;9.69;24.76;15.07;0.01;0.51;2.21;48.09;-47.6;9.67;-44.99;1.27;79.55;2.35;76.91;32.05;0.0;0.0;48.95;;;-999.0;-999.0;398.74;;;Data not found;Data not found;R110;1 RESTANI MATTEO;TALC5NMSBXSU000;00380503;617094;13/11/2024 09:30:19;GLICOLE;R410a_PA.txt;00;ALTA PORTATA;1;Ing. Paolo Russo;Ing. Paolo Russo;400V 3PH 50Hz;;;t008
+100 gr tot 4,6 kg VT chiusa 4 giri;0 days 00:05:00;1.6;1.6;0.1;0.5;1.8;4.0;23.95;24.18;31.72;31.42;25.87;15.12;30.78;32.05;31.83;32.19;32.24;31.94;400.0;33.04;47.68;31.85;13.86;31.71;29.0;0.2;10.19;0.4;2.0;-999.0;-999.0;-999.0;-999.0;-999.0;-999.0;-999.0;-999.0;18.51;11.03;0.87;49.89;-999.0;-999.0;-999.0;-999.0;-999.0;-999.0;-999.0;-999.0;0.0;2080.77;845.41;0.23;23.95;24.18;0.0;4180.0;994.95;0.3;31.72;31.42;35.23;4180.0;997.83;10.75;25.87;15.12;0.02;0.37;2.24;49.03;-47.72;11.1;-45.09;1.35;79.56;2.76;76.8;32.04;0.0;0.0;47.16;;;-999.0;-999.0;395.56;;;Data not found;Data not found;R110;1 RESTANI MATTEO;TALC5NMSBXSU000;00380503;617094;13/11/2024 09:30:19;GLICOLE;R410a_PA.txt;00;ALTA PORTATA;1;Ing. Paolo Russo;Ing. Paolo Russo;400V 3PH 50Hz;;;t008
+100 gr tot 4,6 kg VT chiusa 4 giri (RIFATTO);0 days 00:05:05;1.67;1.7;0.1;0.5;1.8;4.0;27.89;27.86;31.78;31.59;25.17;15.02;30.46;31.76;31.83;32.06;32.1;31.84;400.0;33.38;47.13;31.84;12.28;31.79;28.61;0.2;9.81;0.4;2.0;-999.0;-999.0;-999.0;-999.0;-999.0;-999.0;-999.0;-999.0;18.35;10.93;0.87;49.81;-999.0;-999.0;-999.0;-999.0;-999.0;-999.0;-999.0;-999.0;0.0;2098.75;843.48;0.02;27.89;27.86;0.0;4180.0;994.92;0.19;31.78;31.59;33.69;4180.0;997.91;10.15;25.17;15.02;0.01;0.4;2.23;48.45;-47.64;9.94;-45.01;1.33;79.48;2.33;76.8;31.96;0.0;0.0;47.72;;;-999.0;-999.0;397.57;;;Data not found;Data not found;R110;1 RESTANI MATTEO;TALC5NMSBXSU000;00380503;617094;13/11/2024 09:30:19;GLICOLE;R410a_PA.txt;00;ALTA PORTATA;1;Ing. Paolo Russo;Ing. Paolo Russo;400V 3PH 50Hz;;;t008
+100 gr tot 4,7 kg VT chiusa 4 giri;0 days 00:05:05;1.7;1.7;0.1;0.5;1.8;4.0;29.22;28.97;31.86;31.69;25.17;15.0;30.5;31.82;31.94;32.12;32.15;31.9;386.16;33.4;47.43;31.9;12.53;31.88;28.83;0.2;9.9;0.4;2.0;-999.0;-999.0;-999.0;-999.0;-999.0;-999.0;-999.0;-999.0;18.45;10.98;0.87;49.9;-999.0;-999.0;-999.0;-999.0;-999.0;-999.0;-999.0;-999.0;0.0;2100.91;842.87;0.25;29.22;28.97;0.0;4180.0;994.89;0.17;31.86;31.69;33.85;4180.0;997.91;10.17;25.17;15.0;0.0;0.41;2.23;48.75;-47.69;10.26;-45.09;1.32;79.59;2.27;76.97;32.03;0.0;0.0;47.87;;;-999.0;-999.0;394.31;;;Data not found;Data not found;R110;1 RESTANI MATTEO;TALC5NMSBXSU000;00380503;617094;13/11/2024 09:30:19;GLICOLE;R410a_PA.txt;00;ALTA PORTATA;1;Ing. Paolo Russo;Ing. Paolo Russo;400V 3PH 50Hz;;;t008
+100 gr tot 4,8 kg VT chiusa 4 giri;0 days 00:05:06;1.7;1.7;0.1;0.5;1.8;4.0;29.92;29.57;31.83;31.67;25.17;14.98;30.29;31.66;31.9;32.03;32.06;31.81;134.42;33.21;47.58;31.84;12.7;31.8;28.91;0.2;10.0;0.4;2.0;-999.0;-999.0;-999.0;-999.0;-999.0;-999.0;-999.0;-999.0;17.44;10.36;0.83;48.79;-999.0;-999.0;-999.0;-999.0;-999.0;-999.0;-999.0;-999.0;0.0;2107.45;842.55;0.35;29.92;29.57;0.0;4180.0;994.9;0.16;31.83;31.67;33.87;4180.0;997.91;10.19;25.17;14.98;0.0;0.41;2.23;48.89;-47.68;10.53;-44.92;1.32;79.52;2.17;76.73;31.95;0.0;0.0;47.81;;;-999.0;-999.0;387.81;;;Data not found;Data not found;R110;1 RESTANI MATTEO;TALC5NMSBXSU000;00380503;617094;13/11/2024 09:30:19;GLICOLE;R410a_PA.txt;00;ALTA PORTATA;1;Ing. Paolo Russo;Ing. Paolo Russo;400V 3PH 50Hz;;;t008
chiuso VT 1 giro tot 4,8 kg VT chiusa 5 giri;0 days 00:04:55;1.7;1.7;0.1;0.6;1.8;4.0;30.55;30.13;31.87;31.72;25.24;15.0;30.41;31.75;31.93;32.08;32.17;31.89;114.55;33.51;47.45;31.9;12.47;31.9;28.91;0.2;9.88;0.4;2.0;-999.0;-999.0;-999.0;-999.0;-999.0;-999.0;-999.0;-999.0;18.45;11.03;0.86;49.88;-999.0;-999.0;-999.0;-999.0;-999.0;-999.0;-999.0;-999.0;0.0;2110.0;842.25;0.43;30.55;30.13;0.0;4180.0;994.88;0.15;31.87;31.72;34.21;4180.0;997.91;10.24;25.24;15.0;0.01;0.44;2.23;48.89;-47.64;10.17;-45.04;1.43;79.55;2.3;76.94;32.0;0.0;0.0;48.04;;;-999.0;-999.0;400.76;;;Data not found;Data not found;R110;1 RESTANI MATTEO;TALC5NMSBXSU000;00380503;617094;13/11/2024 09:30:19;GLICOLE;R410a_PA.txt;00;ALTA PORTATA;1;Ing. Paolo Russo;Ing. Paolo Russo;400V 3PH 50Hz;;;t008
+100 gr tot 4,9 kg VT chiusa 5 giri;0 days 00:05:05;1.7;1.7;0.1;0.59;1.8;4.0;30.84;30.39;31.92;31.77;25.32;15.18;30.48;31.82;32.01;32.13;32.14;31.9;78.54;33.51;47.55;31.94;12.68;31.91;28.99;0.2;10.0;0.4;2.0;-999.0;-999.0;-999.0;-999.0;-999.0;-999.0;-999.0;-999.0;18.36;10.97;0.86;49.9;-999.0;-999.0;-999.0;-999.0;-999.0;-999.0;-999.0;-999.0;0.0;2110.0;842.11;0.45;30.84;30.39;0.0;4180.0;994.87;0.15;31.92;31.77;33.83;4180.0;997.88;10.14;25.32;15.18;0.01;0.43;2.23;48.99;-47.63;10.57;-44.97;1.44;79.57;2.12;76.89;32.05;0.0;0.0;48.01;;;-999.0;-999.0;400.6;;;Data not found;Data not found;R110;1 RESTANI MATTEO;TALC5NMSBXSU000;00380503;617094;13/11/2024 09:30:19;GLICOLE;R410a_PA.txt;00;ALTA PORTATA;1;Ing. Paolo Russo;Ing. Paolo Russo;400V 3PH 50Hz;;;t008
chiuso VT 1 giro tot 4,9 kg VT chiusa 6 giri;0 days 00:06:55;1.7;1.7;0.1;0.6;1.8;4.0;31.09;30.63;31.86;31.71;25.28;15.15;30.33;31.67;31.93;32.05;32.06;31.82;144.98;33.38;46.72;31.85;11.24;31.8;28.55;0.2;9.55;0.4;2.0;-999.0;-999.0;-999.0;-999.0;-999.0;-999.0;-999.0;-999.0;18.37;10.93;0.87;49.85;-999.0;-999.0;-999.0;-999.0;-999.0;-999.0;-999.0;-999.0;0.0;2110.0;841.99;0.46;31.09;30.63;0.0;4180.0;994.89;0.15;31.86;31.71;33.77;4180.0;997.88;10.13;25.28;15.15;0.01;0.44;2.22;48.36;-47.61;9.13;-44.98;1.64;79.46;2.12;76.78;31.97;0.0;0.0;47.94;;;-999.0;-999.0;395.31;;;Data not found;Data not found;R110;1 RESTANI MATTEO;TALC5NMSBXSU000;00380503;617094;13/11/2024 09:30:19;GLICOLE;R410a_PA.txt;00;ALTA PORTATA;1;Ing. Paolo Russo;Ing. Paolo Russo;400V 3PH 50Hz;;;t008
chiuso VT 1 giro tot 4,9 kg VT chiusa 7 giri - variazione surriscaldamento minima,chiuso un altro giro tot 8 giri;0 days 00:04:56;1.69;1.7;0.1;0.6;1.8;4.0;31.53;31.09;31.87;31.73;25.48;15.05;30.2;31.61;31.93;32.03;32.04;31.8;73.83;33.6;47.73;31.86;13.03;31.83;29.12;0.2;10.09;0.4;2.0;-999.0;-999.0;-999.0;-999.0;-999.0;-999.0;-999.0;-999.0;18.61;11.05;0.88;49.9;-999.0;-999.0;-999.0;-999.0;-999.0;-999.0;-999.0;-999.0;0.0;2110.0;841.77;0.44;31.53;31.09;0.0;4180.0;994.88;0.14;31.87;31.73;34.81;4180.0;997.87;10.43;25.48;15.05;0.01;0.45;2.22;49.19;-47.57;10.75;-44.96;1.46;79.42;2.27;76.79;31.95;0.0;0.0;48.02;;;-999.0;-999.0;390.03;;;Data not found;Data not found;R110;1 RESTANI MATTEO;TALC5NMSBXSU000;00380503;617094;13/11/2024 09:30:19;GLICOLE;R410a_PA.txt;00;ALTA PORTATA;1;Ing. Paolo Russo;Ing. Paolo Russo;400V 3PH 50Hz;;;t008
chiuso VT 2 giri tot 4,9 kg VT chiusa 10 giri ;0 days 00:06:36;1.69;1.7;0.1;0.6;1.8;4.0;31.59;31.17;31.92;31.78;25.74;15.21;30.31;31.74;31.98;32.13;32.15;31.89;44.25;33.51;47.75;31.92;13.48;31.88;29.19;0.2;10.11;0.4;2.0;-999.0;-999.0;-999.0;-999.0;-999.0;-999.0;-999.0;-999.0;18.61;11.07;0.87;49.87;-999.0;-999.0;-999.0;-999.0;-999.0;-999.0;-999.0;-999.0;0.0;2110.0;841.73;0.42;31.59;31.17;0.0;4180.0;994.87;0.14;31.92;31.78;35.32;4180.0;997.83;10.53;25.74;15.21;0.01;0.46;2.22;49.29;-47.57;10.86;-44.84;1.54;79.5;2.62;76.72;32.05;0.0;0.0;48.24;;;-999.0;-999.0;392.58;;;Data not found;Data not found;R110;1 RESTANI MATTEO;TALC5NMSBXSU000;00380503;617094;13/11/2024 09:30:19;GLICOLE;R410a_PA.txt;00;ALTA PORTATA;1;Ing. Paolo Russo;Ing. Paolo Russo;400V 3PH 50Hz;;;t008
4,7 kg VT chiusa 4 giri;0 days 00:05:00;1.6;1.69;0.1;0.4;1.8;4.0;23.22;23.62;31.51;31.06;25.42;15.27;30.87;32.1;31.64;32.1;32.15;31.86;400.0;32.9;47.77;31.76;13.7;31.61;29.09;0.2;10.21;0.4;2.0;-999.0;-999.0;-999.0;-999.0;-999.0;-999.0;-999.0;-999.0;18.52;11.03;0.87;49.9;-999.0;-999.0;-999.0;-999.0;-999.0;-999.0;-999.0;-999.0;0.0;2080.0;845.73;0.4;23.22;23.62;0.0;4180.0;995.04;0.45;31.51;31.06;34.97;4180.0;997.86;10.15;25.42;15.27;0.01;0.28;2.2;49.13;-47.66;11.22;-45.0;1.36;79.42;2.47;76.62;31.93;0.0;0.0;49.57;;;-999.0;-999.0;393.36;;;Data not found;Data not found;R110;1 RESTANI MATTEO;TALC5NMSBXSU000;00380503;617094;13/11/2024 09:30:19;GLICOLE;R410a_PA.txt;00;ALTA PORTATA;1;Ing. Paolo Russo;Ing. Paolo Russo;400V 3PH 50Hz;;;t008
chiuso VT 2 giri tot 4,7 kg VT chiusa 6 giri - il surriscaldamento Ã¨ sceso,chiuso VT altri 2 giri tot chiusa 8 giri;0 days 00:05:04;1.7;1.7;0.1;0.4;1.8;4.0;25.83;26.02;31.67;31.37;25.55;15.3;30.5;31.85;31.77;32.08;32.18;31.85;400.0;33.4;47.94;31.83;13.65;31.78;29.2;0.2;10.2;0.4;2.0;-999.0;-999.0;-999.0;-999.0;-999.0;-999.0;-999.0;-999.0;18.57;11.07;0.87;49.9;-999.0;-999.0;-999.0;-999.0;-999.0;-999.0;-999.0;-999.0;0.0;2090.0;844.47;0.18;25.83;26.02;0.0;4180.0;994.97;0.29;31.67;31.37;35.2;4180.0;997.84;10.25;25.55;15.3;0.01;0.31;2.2;49.29;-47.61;11.24;-44.99;1.36;79.44;2.41;76.76;31.97;0.0;0.0;49.4;;;-999.0;-999.0;394.69;;;Data not found;Data not found;R110;1 RESTANI MATTEO;TALC5NMSBXSU000;00380503;617094;13/11/2024 09:30:19;GLICOLE;R410a_PA.txt;00;ALTA PORTATA;1;Ing. Paolo Russo;Ing. Paolo Russo;400V 3PH 50Hz;;;t008
4,6 kg VT chiusa 4 giri;0 days 00:04:16;1.7;1.7;0.1;0.4;1.8;4.0;27.5;27.38;31.74;31.48;25.05;15.5;30.68;31.93;31.77;32.12;32.21;31.93;400.0;33.26;47.3;31.89;12.01;31.86;28.71;0.2;9.85;0.4;2.0;-999.0;-999.0;-999.0;-999.0;-999.0;-999.0;-999.0;-999.0;18.38;10.99;0.86;49.9;-999.0;-999.0;-999.0;-999.0;-999.0;-999.0;-999.0;-999.0;0.0;2094.4;843.71;0.11;27.5;27.38;0.0;4180.0;994.94;0.26;31.74;31.48;33.45;4180.0;997.87;9.55;25.05;15.5;0.01;0.31;2.19;48.6;-47.59;10.05;-44.99;1.3;79.48;1.96;76.84;32.0;0.0;0.0;50.39;;;-999.0;-999.0;400.8;;;Data not found;Data not found;R110;1 RESTANI MATTEO;TALC5NMSBXSU000;00380503;617094;13/11/2024 09:30:19;GLICOLE;R410a_PA.txt;00;ALTA PORTATA;1;Ing. Paolo Russo;Ing. Paolo Russo;400V 3PH 50Hz;;;t008
sostituito termostatica - precarica 3,4 kg VT tutta aperta;0 days 00:05:10;1.6;1.6;1.19;2.86;1.9;2.61;23.34;24.08;19.62;15.08;22.57;21.47;30.56;31.79;31.7;32.07;32.12;32.16;399.99;33.7;46.37;31.77;17.53;31.68;27.72;0.2;9.73;0.4;2.0;-999.0;-999.0;-999.0;-999.0;-999.0;-999.0;-999.0;-999.0;18.48;11.01;0.87;49.89;-999.0;-999.0;-999.0;-999.0;-999.0;-999.0;-999.0;-999.0;0.0;2080.0;845.58;0.74;23.34;24.08;32.16;4190.0;998.43;4.54;19.62;15.08;-0.01;4180.0;997.5;1.1;22.57;21.47;0.04;1.69;0.71;47.13;-47.59;9.7;-45.05;0.76;79.36;7.83;76.73;32.02;0.0;101.6;0.0;;;-999.0;-999.0;393.84;;;Data not found;Data not found;R110;1 RESTANI MATTEO;TALC5NMSBXSU000;00380503;617094;19/11/2024 10:05:01 - 19/11/2024 16:19:34;ACQUA;R410a_PA.txt;00;ALTA PORTATA;1;Ing. Flavio Dias;Ing. Paolo Russo;400V 3PH 50Hz;PASSED;;t009
+200 gr tot 3,6 kg VT tutta aperta;0 days 00:05:10;1.6;1.62;1.18;2.82;1.92;3.06;27.06;27.46;19.58;15.06;25.06;23.38;30.27;31.59;31.73;32.01;32.07;32.06;400.0;33.83;46.38;31.82;16.88;31.78;27.73;0.2;9.72;0.4;2.0;-999.0;-999.0;-999.0;-999.0;-999.0;-999.0;-999.0;-999.0;18.49;11.01;0.87;49.89;-999.0;-999.0;-999.0;-999.0;-999.0;-999.0;-999.0;-999.0;0.0;2092.64;843.8;0.4;27.06;27.46;31.99;4190.0;998.43;4.52;19.58;15.06;-0.02;4180.0;996.99;1.68;25.06;23.38;0.0;1.68;1.1;47.15;-47.51;9.65;-44.86;0.76;79.33;7.23;76.64;31.96;0.02;101.54;0.0;;;-999.0;-999.0;393.56;;;Data not found;Data not found;R110;1 RESTANI MATTEO;TALC5NMSBXSU000;00380503;617094;19/11/2024 10:05:01 - 19/11/2024 16:19:34;ACQUA;R410a_PA.txt;00;ALTA PORTATA;1;Ing. Flavio Dias;Ing. Paolo Russo;400V 3PH 50Hz;PASSED;;t009
chiuso VT 6 giri tot 3,6 kg VT chiusa 6 giri;0 days 00:04:30;1.7;1.6;1.18;2.89;2.0;3.3;28.18;28.38;19.61;15.15;25.98;24.15;30.4;31.71;31.8;32.1;32.15;32.16;400.0;33.9;46.24;31.9;16.45;31.89;27.68;0.2;9.39;0.4;2.0;-999.0;-999.0;-999.0;-999.0;-999.0;-999.0;-999.0;-999.0;18.44;11.04;0.87;49.89;-999.0;-999.0;-999.0;-999.0;-999.0;-999.0;-999.0;-999.0;0.0;2100.0;843.28;0.2;28.18;28.38;31.64;4190.0;998.42;4.46;19.61;15.15;-0.02;4180.0;996.78;1.83;25.98;24.15;0.02;1.7;1.32;47.06;-47.5;8.56;-44.86;0.81;79.42;7.88;76.75;32.05;0.0;101.71;0.0;;;-999.0;-999.0;399.01;;;Data not found;Data not found;R110;1 RESTANI MATTEO;TALC5NMSBXSU000;00380503;617094;19/11/2024 10:05:01 - 19/11/2024 16:19:34;ACQUA;R410a_PA.txt;00;ALTA PORTATA;1;Ing. Flavio Dias;Ing. Paolo Russo;400V 3PH 50Hz;PASSED;;t009
passaggio linea glicole - TEST 0 C -  3,6 kg VT chiusa 6 giri per verifica surriscaldamento;0 days 00:04:40;1.6;1.7;0.2;0.3;2.1;3.6;30.64;30.44;31.55;31.42;4.55;-0.54;30.97;31.8;31.81;32.02;32.05;32.04;400.0;33.95;42.07;31.85;-2.84;31.82;24.8;0.2;5.9;0.4;2.0;-999.0;-999.0;-999.0;-999.0;-999.0;-999.0;-999.0;-999.0;17.08;10.0;0.85;49.89;-999.0;-999.0;-999.0;-999.0;-999.0;-999.0;-999.0;-999.0;0.0;2110.0;842.15;0.2;30.64;30.44;0.0;4180.0;994.98;0.13;31.55;31.42;19.37;4210.0;999.89;5.09;4.55;-0.54;0.01;0.05;1.43;42.61;-47.42;-4.35;-44.79;0.54;79.28;1.51;76.62;31.99;0.0;0.0;54.24;;;-999.0;-999.0;396.08;;;Data not found;Data not found;R110;1 RESTANI MATTEO;TALC5NMSBXSU000;00380503;617094;19/11/2024 10:05:01 - 19/11/2024 16:19:34;ACQUA;R410a_PA.txt;00;ALTA PORTATA;1;Ing. Flavio Dias;Ing. Paolo Russo;400V 3PH 50Hz;PASSED;;t009
W15L32 GLICOLE - 3,6 kg VT chiusa 6 giri;0 days 00:02:50;1.61;1.69;0.2;0.3;2.2;3.51;30.95;30.75;31.59;31.45;23.28;15.54;30.24;31.61;31.87;32.08;32.17;32.09;400.0;34.08;46.56;31.95;13.67;31.91;27.85;0.2;9.52;0.4;2.0;-999.0;-999.0;-999.0;-999.0;-999.0;-999.0;-999.0;-999.0;18.52;11.06;0.87;49.85;-999.0;-999.0;-999.0;-999.0;-999.0;-999.0;-999.0;-999.0;0.0;2110.0;841.99;0.2;30.95;30.75;0.0;4180.0;994.97;0.13;31.59;31.45;32.9;4180.0;998.04;7.73;23.28;15.54;0.01;0.07;1.38;47.32;-47.39;9.06;-44.87;0.76;79.33;4.62;76.79;32.05;0.0;0.0;61.21;;;-999.0;-999.0;396.02;;;Data not found;Data not found;R110;1 RESTANI MATTEO;TALC5NMSBXSU000;00380503;617094;19/11/2024 10:05:01 - 19/11/2024 16:19:34;ACQUA;R410a_PA.txt;00;ALTA PORTATA;1;Ing. Flavio Dias;Ing. Paolo Russo;400V 3PH 50Hz;PASSED;;t009
Carica 1 kg. VT tutta aperta.;0 days 00:06:43;1.0;1.0;0.65;4.2;1.1;1.0;26.81;25.84;19.62;15.28;25.56;24.71;31.71;31.99;31.8;31.99;32.31;31.94;31.5;31.4;43.47;30.67;18.45;30.44;10.58;0.7;2.8;0.2;1.0;-999.0;-999.0;-999.0;-999.0;6.26;2.92;0.69;49.83;-999.0;-999.0;-999.0;-999.0;-999.0;-999.0;-999.0;-999.0;-999.0;-999.0;-999.0;-999.0;-0.15;2090.0;844.27;0.96;26.81;25.84;4.64;4190.0;998.41;4.34;19.62;15.28;0.0;4180.0;996.77;0.85;25.56;24.71;0.04;3.57;0.08;44.96;-13.56;7.51;-21.56;1.48;44.23;10.94;52.0;32.01;0.0;15.36;0.0;;;-999.0;388.9;-999.0;;;Data not found;Data not found;R60;1 CARLINI MIRKO;TAL57NMHBXRG500;00381332;617386;19/11/2024 09:38:59 - 19/11/2024 14:25:19;ACQUA;R134a_PA.txt;00;BASSA PORTATA;1;Ing. Flavio Dias;Ing. Paolo Russo;400V 3PH 50Hz;PASSED;;t010
Ricarica di 100g. tot. 1,1 kg. VT tutta aperta.;0 days 00:09:06;1.0;1.0;0.69;4.2;1.1;1.0;28.58;27.6;19.48;15.19;26.91;25.66;31.39;31.74;31.7;32.04;32.43;31.81;31.68;31.6;44.4;30.82;9.67;30.66;10.9;0.7;2.9;0.2;1.0;-999.0;-999.0;-999.0;-999.0;8.21;3.33;0.6;49.84;-999.0;-999.0;-999.0;-999.0;-999.0;-999.0;-999.0;-999.0;-999.0;-999.0;-999.0;-999.0;-0.16;2099.96;843.37;0.98;28.58;27.6;4.61;4190.0;998.43;4.29;19.48;15.19;0.0;4180.0;996.47;1.25;26.91;25.66;0.03;3.57;0.08;45.98;-13.47;8.13;-21.32;1.58;44.29;1.54;51.98;31.99;0.0;15.38;0.0;;;-999.0;391.85;-999.0;;;Data not found;Data not found;R60;1 CARLINI MIRKO;TAL57NMHBXRG500;00381332;617386;19/11/2024 09:38:59 - 19/11/2024 14:25:19;ACQUA;R134a_PA.txt;00;BASSA PORTATA;1;Ing. Flavio Dias;Ing. Paolo Russo;400V 3PH 50Hz;PASSED;;t010
Carica 1,1 kg. VT chiusa 1 giro..;0 days 00:05:06;1.0;1.0;0.7;4.2;1.1;1.0;29.25;28.64;19.57;14.92;27.93;26.57;32.62;32.68;32.09;32.17;32.01;31.78;32.37;32.3;45.42;31.59;14.56;31.36;11.2;0.7;2.77;0.2;1.0;-999.0;-999.0;-999.0;-999.0;8.35;3.38;0.59;49.81;-999.0;-999.0;-999.0;-999.0;-999.0;-999.0;-999.0;-999.0;-999.0;-999.0;-999.0;-999.0;-0.1;2100.01;842.95;0.61;29.25;28.64;4.99;4190.0;998.45;4.65;19.57;14.92;0.0;4180.0;996.21;1.35;27.93;26.57;0.02;3.58;0.08;47.01;-13.47;7.21;-21.42;1.59;45.06;7.35;52.78;32.01;0.0;15.4;0.0;;;-999.0;395.08;-999.0;;;Data not found;Data not found;R60;1 CARLINI MIRKO;TAL57NMHBXRG500;00381332;617386;19/11/2024 09:38:59 - 19/11/2024 14:25:19;ACQUA;R134a_PA.txt;00;BASSA PORTATA;1;Ing. Flavio Dias;Ing. Paolo Russo;400V 3PH 50Hz;PASSED;;t010
Ricarica di 100g. tot. 1,2 kg. VT chiusa 1 giro..;0 days 00:05:30;1.1;1.0;0.8;4.1;1.1;1.0;30.94;30.49;19.34;14.83;29.53;27.96;32.36;32.42;32.15;32.05;31.96;31.78;32.44;32.37;46.66;31.79;10.12;31.52;11.61;0.7;2.8;0.2;1.0;-999.0;-999.0;-999.0;-999.0;8.47;3.46;0.59;49.83;-999.0;-999.0;-999.0;-999.0;-999.0;-999.0;-999.0;-999.0;-999.0;-999.0;-999.0;-999.0;-0.07;2110.0;842.06;0.45;30.94;30.49;5.44;4190.0;998.48;4.51;19.34;14.83;0.0;4180.0;995.79;1.57;29.53;27.96;0.03;3.29;0.07;48.4;-13.39;7.82;-21.33;1.74;45.18;2.31;52.85;31.99;0.0;17.3;0.0;;;-999.0;396.64;-999.0;;;Data not found;Data not found;R60;1 CARLINI MIRKO;TAL57NMHBXRG500;00381332;617386;19/11/2024 09:38:59 - 19/11/2024 14:25:19;ACQUA;R134a_PA.txt;00;BASSA PORTATA;1;Ing. Flavio Dias;Ing. Paolo Russo;400V 3PH 50Hz;PASSED;;t010
Carica 1,2 kg. VT chiusa 1 giro. tot. 2 giri.;0 days 00:05:26;1.1;1.0;0.8;4.1;1.1;1.0;31.14;30.72;19.62;14.87;29.81;28.21;32.32;32.4;32.13;32.06;31.94;31.81;32.45;32.35;46.86;31.77;15.44;31.51;11.73;0.7;2.8;0.2;1.0;-999.0;-999.0;-999.0;-999.0;8.56;3.49;0.59;49.82;-999.0;-999.0;-999.0;-999.0;-999.0;-999.0;-999.0;-999.0;-999.0;-999.0;-999.0;-999.0;-0.07;2110.0;841.96;0.42;31.14;30.72;5.72;4190.0;998.45;4.74;19.62;14.87;0.0;4180.0;995.72;1.6;29.81;28.21;0.02;3.29;0.07;48.73;-13.37;7.51;-21.16;1.87;45.14;7.92;52.67;31.98;0.0;17.29;0.0;;;-999.0;398.67;-999.0;;;Data not found;Data not found;R60;1 CARLINI MIRKO;TAL57NMHBXRG500;00381332;617386;19/11/2024 09:38:59 - 19/11/2024 14:25:19;ACQUA;R134a_PA.txt;00;BASSA PORTATA;1;Ing. Flavio Dias;Ing. Paolo Russo;400V 3PH 50Hz;PASSED;;t010
Ricarica di 100g. tot.1,3 kg. VT chiusa 2 giri.;0 days 00:05:41;1.1;1.0;0.8;4.1;1.1;1.0;31.31;30.92;20.18;14.95;30.1;28.47;32.26;32.41;32.2;32.04;31.95;31.81;32.4;32.31;47.66;31.8;15.12;31.58;12.2;0.7;2.84;0.2;1.0;-999.0;-999.0;-999.0;-999.0;8.6;3.54;0.6;49.8;-999.0;-999.0;-999.0;-999.0;-999.0;-999.0;-999.0;-999.0;-999.0;-999.0;-999.0;-999.0;-0.06;2110.0;841.86;0.39;31.31;30.92;6.29;4190.0;998.39;5.23;20.18;14.95;0.0;4180.0;995.64;1.63;30.1;28.47;0.04;3.29;0.07;50.03;-13.39;7.95;-21.2;2.37;45.19;7.16;52.79;32.0;0.0;17.25;0.0;;;-999.0;398.06;-999.0;;;Data not found;Data not found;R60;1 CARLINI MIRKO;TAL57NMHBXRG500;00381332;617386;19/11/2024 09:38:59 - 19/11/2024 14:25:19;ACQUA;R134a_PA.txt;00;BASSA PORTATA;1;Ing. Flavio Dias;Ing. Paolo Russo;400V 3PH 50Hz;PASSED;;t010
Precarica di 1,7 Kg. e termostatica tutta aperta.;0 days 00:06:01;1.0;1.0;0.3;0.2;1.7;4.0;25.73;25.06;32.12;31.44;18.0;14.95;32.83;32.96;32.35;32.14;31.76;31.82;32.41;32.56;39.0;31.52;17.42;31.07;23.19;0.7;9.68;0.2;1.0;-999.0;-999.0;-999.0;-999.0;9.47;5.08;0.77;49.89;-999.0;-999.0;-999.0;-999.0;-999.0;-999.0;-999.0;-999.0;-999.0;-999.0;-999.0;-999.0;-0.11;2090.0;844.73;0.67;25.73;25.06;-0.0;4180.0;994.89;0.68;32.12;31.44;7.96;3492.25;1078.15;3.05;18.0;14.95;0.04;0.11;2.31;39.9;-40.22;9.49;-47.21;0.9;71.74;7.92;78.28;32.02;0.0;0.0;41.61;;;-999.0;399.98;-999.0;;;Data not found;Data not found;R60;1 CARLINI MIRKO;TALA5NMSBA10184;00382713;617671;21/11/2024 10:53:11;GLICOLE;R410a_PA.txt;00;ALTA PORTATA;1;Ing. Flavio Dias;Ing. Paolo Russo;400V 3PH 50Hz;;;t011
Ricarico di 200g, tot. 1,9 Kg.. e termostatica tutta aperta.;0 days 00:05:40;1.0;1.0;0.32;0.2;1.7;4.1;27.07;26.4;32.1;31.59;18.97;15.22;32.48;32.7;32.24;32.08;31.79;31.82;32.39;32.53;40.54;31.86;11.97;31.47;24.12;0.7;9.81;0.2;1.0;-999.0;-999.0;-999.0;-999.0;11.37;5.58;0.71;49.88;-999.0;-999.0;-999.0;-999.0;-999.0;-999.0;-999.0;-999.0;-999.0;-999.0;-999.0;-999.0;-0.11;2090.0;844.06;0.68;27.07;26.4;0.0;4180.0;994.87;0.51;32.1;31.59;9.54;3492.28;1077.9;3.75;18.97;15.22;0.01;0.12;2.39;41.48;-40.13;9.99;-47.03;0.94;71.99;1.98;78.5;31.98;0.0;0.0;40.56;;;-999.0;399.22;-999.0;;;Data not found;Data not found;R60;1 CARLINI MIRKO;TALA5NMSBA10184;00382713;617671;21/11/2024 10:53:11;GLICOLE;R410a_PA.txt;00;ALTA PORTATA;1;Ing. Flavio Dias;Ing. Paolo Russo;400V 3PH 50Hz;;;t011
Carica 1,9 Kg. e termostatica chiusa 1 giro.;0 days 00:06:46;1.1;1.0;0.4;0.2;1.7;4.0;29.79;29.16;32.13;31.77;19.0;15.21;32.34;32.6;32.26;32.13;31.8;31.81;32.3;32.25;40.66;31.42;16.48;31.18;24.19;0.7;10.5;0.2;1.0;-999.0;-999.0;-999.0;-999.0;9.66;5.21;0.77;49.8;-999.0;-999.0;-999.0;-999.0;-999.0;-999.0;-999.0;-999.0;-999.0;-999.0;-999.0;-999.0;-0.1;2104.71;842.68;0.63;29.79;29.16;0.0;4180.0;994.84;0.37;32.13;31.77;9.83;3492.33;1077.9;3.79;19.0;15.21;0.05;0.16;2.29;41.59;-40.01;12.05;-46.97;0.93;71.42;4.43;78.14;31.99;0.0;0.0;41.37;;;-999.0;402.57;-999.0;;;Data not found;Data not found;R60;1 CARLINI MIRKO;TALA5NMSBA10184;00382713;617671;21/11/2024 10:53:11;GLICOLE;R410a_PA.txt;00;ALTA PORTATA;1;Ing. Flavio Dias;Ing. Paolo Russo;400V 3PH 50Hz;;;t011
Ricarico di 100g, tot. 2 Kg. Termostatica chiusa 1 giro.;0 days 00:05:21;1.0;1.0;0.26;0.2;2.02;3.6;29.39;28.91;32.04;31.69;18.5;15.1;32.24;32.59;32.27;32.06;31.9;31.87;32.32;32.52;41.36;31.71;15.25;31.4;24.65;0.7;10.4;0.2;1.0;-999.0;-999.0;-999.0;-999.0;11.52;5.65;0.71;49.87;-999.0;-999.0;-999.0;-999.0;-999.0;-999.0;-999.0;-999.0;-999.0;-999.0;-999.0;-999.0;-0.08;2101.46;842.85;0.48;29.39;28.91;0.0;4180.0;994.86;0.34;32.04;31.69;10.53;3492.1;1078.02;3.4;18.5;15.1;0.02;0.02;1.55;42.35;-40.05;11.75;-46.96;0.99;71.76;3.49;78.36;32.02;0.0;0.0;49.29;;;-999.0;401.93;-999.0;;;Data not found;Data not found;R60;1 CARLINI MIRKO;TALA5NMSBA10184;00382713;617671;21/11/2024 16:26:26 - 26/11/2024 10:16:26;GLICOLE;R410a_PA.txt;00;ALTA PORTATA;1;Ing. Flavio Dias;Ing. Paolo Russo;400V 3PH 50Hz;PASSED;;t012
Carica 2 Kg. Termostatica chiusa 1 giro tot. 2 giri.;0 days 00:05:21;1.08;1.0;0.24;0.2;2.0;3.6;29.89;29.44;32.06;31.75;18.51;15.02;32.12;32.48;32.24;32.0;31.88;31.89;32.31;32.5;41.52;31.76;16.16;31.5;24.74;0.7;10.29;0.21;1.0;-999.0;-999.0;-999.0;-999.0;11.47;5.65;0.71;49.87;-999.0;-999.0;-999.0;-999.0;-999.0;-999.0;-999.0;-999.0;-999.0;-999.0;-999.0;-999.0;-0.07;2106.64;842.59;0.46;29.89;29.44;0.0;4180.0;994.85;0.31;32.06;31.75;10.78;3492.11;1078.03;3.49;18.51;15.02;0.04;0.01;1.54;42.51;-39.95;11.4;-46.88;0.99;71.71;4.76;78.37;32.0;0.0;0.0;49.26;;;-999.0;400.36;-999.0;;;Data not found;Data not found;R60;1 CARLINI MIRKO;TALA5NMSBA10184;00382713;617671;21/11/2024 16:26:26 - 26/11/2024 10:16:26;GLICOLE;R410a_PA.txt;00;ALTA PORTATA;1;Ing. Flavio Dias;Ing. Paolo Russo;400V 3PH 50Hz;PASSED;;t012
Ricarico di 100g. tot. 2,1 Kg. VT chiusa 2 giri.;0 days 00:16:02;1.0;1.0;0.2;0.2;2.0;3.54;27.11;26.35;31.53;31.38;18.5;15.04;32.49;32.73;32.17;32.12;31.86;31.86;31.45;31.32;41.5;31.69;15.99;31.55;24.69;0.7;10.16;0.2;1.0;-999.0;-999.0;-999.0;-999.0;9.68;5.27;0.78;49.83;-999.0;-999.0;-999.0;-999.0;-999.0;-999.0;-999.0;-999.0;-999.0;-999.0;-999.0;-999.0;-0.12;2090.08;844.06;0.76;27.11;26.35;0.0;4180.0;994.99;0.15;31.53;31.38;10.69;3492.11;1078.03;3.46;18.5;15.04;0.02;0.02;1.51;42.42;-40.03;11.03;-46.97;0.91;71.72;4.96;78.52;32.0;0.0;0.0;49.23;;;-999.0;400.48;-999.0;;;Data not found;Data not found;R60;1 CARLINI MIRKO;TALA5NMSBA10184;00382713;617671;21/11/2024 16:26:26 - 26/11/2024 10:16:26;GLICOLE;R410a_PA.txt;00;ALTA PORTATA;1;Ing. Flavio Dias;Ing. Paolo Russo;400V 3PH 50Hz;PASSED;;t012
Carica 2,1 Kg. VT chiusa 1 giro tot. 3 giri.;0 days 00:16:03;1.0;1.0;0.2;0.2;2.0;3.51;29.31;28.45;31.62;31.68;19.0;15.46;32.16;32.47;32.18;32.09;31.85;31.86;31.68;31.61;41.59;31.65;17.38;31.52;24.74;0.7;10.16;0.27;1.0;-999.0;-999.0;-999.0;-999.0;9.65;5.26;0.79;49.82;-999.0;-999.0;-999.0;-999.0;-999.0;-999.0;-999.0;-999.0;-999.0;-999.0;-999.0;-999.0;-0.14;2100.15;842.98;0.87;29.31;28.45;0.0;4180.0;994.93;0.06;31.62;31.68;10.92;3492.69;1077.85;3.55;19.0;15.46;0.03;0.01;1.52;42.5;-39.89;11.04;-46.79;0.91;71.54;6.34;78.31;32.0;0.0;0.0;49.07;;;-999.0;397.13;-999.0;;;Data not found;Data not found;R60;1 CARLINI MIRKO;TALA5NMSBA10184;00382713;617671;21/11/2024 16:26:26 - 26/11/2024 10:16:26;GLICOLE;R410a_PA.txt;00;ALTA PORTATA;1;Ing. Flavio Dias;Ing. Paolo Russo;400V 3PH 50Hz;PASSED;;t012
Ricarico di 100g tot. 2,2 Kg. VT chiusa 3 giri.;0 days 00:04:46;1.1;1.0;0.2;0.2;2.0;3.6;30.37;29.7;32.03;31.83;18.99;15.22;32.0;32.37;32.21;32.02;31.9;31.9;32.33;32.31;42.25;31.52;16.78;31.05;25.15;0.7;10.12;0.22;1.0;-999.0;-999.0;-999.0;-999.0;11.45;5.67;0.71;49.86;-999.0;-999.0;-999.0;-999.0;-999.0;-999.0;-999.0;-999.0;-999.0;-999.0;-999.0;-999.0;-0.11;2110.0;842.4;0.67;30.37;29.7;0.0;4180.0;994.85;0.2;32.03;31.83;11.61;3492.32;1077.9;3.76;18.99;15.22;0.04;0.0;1.53;43.15;-39.89;10.87;-46.87;0.91;71.41;5.9;77.93;32.01;0.0;0.0;49.2;;;-999.0;399.97;-999.0;;;Data not found;Data not found;R60;1 CARLINI MIRKO;TALA5NMSBA10184;00382713;617671;21/11/2024 16:26:26 - 26/11/2024 10:16:26;GLICOLE;R410a_PA.txt;00;ALTA PORTATA;1;Ing. Flavio Dias;Ing. Paolo Russo;400V 3PH 50Hz;PASSED;;t012
Ricarico di 100g tot. 2,3 Kg. VT chiusa 3 giri.;0 days 00:05:56;1.1;1.0;0.2;0.2;2.0;3.6;31.43;30.65;31.66;31.9;19.47;15.47;31.87;32.29;32.14;32.08;31.82;31.83;31.72;31.64;42.92;31.59;16.84;31.48;25.59;0.7;10.25;0.22;1.0;-999.0;-999.0;-999.0;-999.0;9.82;5.39;0.79;49.8;-999.0;-999.0;-999.0;-999.0;-999.0;-999.0;-999.0;-999.0;-999.0;-999.0;-999.0;-999.0;-0.12;2110.0;841.9;0.78;31.43;30.65;0.0;4180.0;994.89;0.24;31.66;31.9;12.38;3493.41;1077.75;4.0;19.47;15.47;0.07;0.01;1.54;43.85;-39.9;11.28;-46.86;0.93;71.5;5.55;78.33;31.98;0.0;0.0;49.33;;;-999.0;399.54;-999.0;;;Data not found;Data not found;R60;1 CARLINI MIRKO;TALA5NMSBA10184;00382713;617671;21/11/2024 16:26:26 - 26/11/2024 10:16:26;GLICOLE;R410a_PA.txt;00;ALTA PORTATA;1;Ing. Flavio Dias;Ing. Paolo Russo;400V 3PH 50Hz;PASSED;;t012
Ricarico di 100g tot. 2,4 Kg. VT chiusa 3 giri.;0 days 00:05:56;1.1;1.0;0.2;0.2;2.0;3.6;31.6;30.96;31.95;32.17;19.49;15.2;31.72;32.22;32.1;32.0;31.98;31.87;32.2;32.2;43.61;31.97;16.1;31.62;26.03;0.7;10.2;0.24;1.0;-999.0;-999.0;-999.0;-999.0;11.55;5.8;0.73;49.81;-999.0;-999.0;-999.0;-999.0;-999.0;-999.0;-999.0;-999.0;-999.0;-999.0;-999.0;-999.0;-0.1;2110.0;841.78;0.63;31.6;30.96;0.0;4180.0;994.8;0.22;31.95;32.17;13.24;3493.02;1077.8;4.29;19.49;15.2;0.07;0.01;1.53;44.57;-39.93;11.13;-46.83;0.96;71.9;4.97;78.45;31.99;0.0;0.0;49.19;;;-999.0;395.29;-999.0;;;Data not found;Data not found;R60;1 CARLINI MIRKO;TALA5NMSBA10184;00382713;617671;21/11/2024 16:26:26 - 26/11/2024 10:16:26;GLICOLE;R410a_PA.txt;00;ALTA PORTATA;1;Ing. Flavio Dias;Ing. Paolo Russo;400V 3PH 50Hz;PASSED;;t012
Ricarico di 100g tot. 2,5 Kg. VT chiusa 3 giri.;0 days 00:05:16;1.1;1.0;0.2;0.2;2.0;3.6;31.69;31.11;31.96;32.18;19.51;15.07;31.8;32.27;32.14;32.02;31.99;31.88;32.23;32.24;43.91;32.04;15.21;31.73;26.3;0.7;9.79;0.25;1.0;-999.0;-999.0;-999.0;-999.0;11.62;5.85;0.74;49.86;-999.0;-999.0;-999.0;-999.0;-999.0;-999.0;-999.0;-999.0;-999.0;-999.0;-999.0;-999.0;-0.09;2110.0;841.72;0.58;31.69;31.11;0.0;4180.0;994.8;0.22;31.96;32.18;13.69;3492.86;1077.83;4.43;19.51;15.07;0.07;0.01;1.54;44.97;-39.92;9.89;-46.82;1.06;71.96;5.32;78.55;32.01;0.0;0.0;49.2;;;-999.0;395.59;-999.0;;;Data not found;Data not found;R60;1 CARLINI MIRKO;TALA5NMSBA10184;00382713;617671;21/11/2024 16:26:26 - 26/11/2024 10:16:26;GLICOLE;R410a_PA.txt;00;ALTA PORTATA;1;Ing. Flavio Dias;Ing. Paolo Russo;400V 3PH 50Hz;PASSED;;t012
Ricarico di 200g tot. 2,7 Kg. VT chiusa 3 giri.;0 days 00:05:20;1.1;1.0;0.2;0.23;2.0;3.56;31.76;31.22;31.88;32.15;19.78;15.2;31.54;32.11;32.07;31.93;32.02;31.88;32.17;32.18;43.97;31.96;15.27;31.52;26.61;0.7;9.72;0.21;1.0;-999.0;-999.0;-999.0;-999.0;11.58;5.87;0.75;49.81;-999.0;-999.0;-999.0;-999.0;-999.0;-999.0;-999.0;-999.0;-999.0;-999.0;-999.0;-999.0;-0.09;2110.0;841.67;0.55;31.76;31.22;0.0;4180.0;994.81;0.28;31.88;32.15;14.11;3493.48;1077.74;4.58;19.78;15.2;0.06;0.03;1.53;45.46;-39.93;9.65;-46.9;1.49;71.89;5.62;78.41;31.98;0.0;0.0;49.08;;;-999.0;390.87;-999.0;;;Data not found;Data not found;R60;1 CARLINI MIRKO;TALA5NMSBA10184;00382713;617671;21/11/2024 16:26:26 - 26/11/2024 10:16:26;GLICOLE;R410a_PA.txt;00;ALTA PORTATA;1;Ing. Flavio Dias;Ing. Paolo Russo;400V 3PH 50Hz;PASSED;;t012
Ricarico di 100g tot. 2,8 Kg. VT chiusa 3 giri.;0 days 00:16:03;1.1;1.0;0.2;0.2;2.08;3.55;31.82;31.31;31.86;32.15;19.8;15.26;31.59;32.13;32.08;31.94;32.05;31.91;32.19;32.2;43.77;32.0;15.15;31.65;26.61;0.7;9.62;0.26;1.0;-999.0;-999.0;-999.0;-999.0;11.59;5.87;0.74;49.73;-999.0;-999.0;-999.0;-999.0;-999.0;-999.0;-999.0;-999.0;-999.0;-999.0;-999.0;-999.0;-0.08;2110.0;841.64;0.51;31.82;31.31;0.0;4180.0;994.82;0.29;31.86;32.15;14.09;3493.58;1077.73;4.54;19.8;15.26;0.07;0.02;1.5;45.45;-39.92;9.35;-46.81;1.68;71.93;5.8;78.45;31.99;0.01;0.0;49.47;;;-999.0;392.13;-999.0;;;Data not found;Data not found;R60;1 CARLINI MIRKO;TALA5NMSBA10184;00382713;617671;21/11/2024 16:26:26 - 26/11/2024 10:16:26;GLICOLE;R410a_PA.txt;00;ALTA PORTATA;1;Ing. Flavio Dias;Ing. Paolo Russo;400V 3PH 50Hz;PASSED;;t012
Carica 2,8 Kg. VT chiusa 1 giro tot. 4 giri.;0 days 00:06:56;1.1;1.0;0.2;0.21;2.05;3.58;31.86;31.36;31.88;32.2;19.8;15.16;31.59;32.17;32.1;31.99;32.09;31.94;32.2;32.21;44.0;31.99;15.93;31.65;26.74;0.7;9.8;0.22;1.0;-999.0;-999.0;-999.0;-999.0;11.37;5.76;0.73;49.83;-999.0;-999.0;-999.0;-999.0;-999.0;-999.0;-999.0;-999.0;-999.0;-999.0;-999.0;-999.0;-0.08;2110.0;841.62;0.5;31.86;31.36;0.0;4180.0;994.81;0.32;31.88;32.2;14.37;3493.45;1077.75;4.64;19.8;15.16;0.06;0.01;1.51;45.65;-39.92;9.91;-46.87;1.66;71.91;6.02;78.51;32.02;0.0;0.0;49.36;;;-999.0;393.33;-999.0;;;Data not found;Data not found;R60;1 CARLINI MIRKO;TALA5NMSBA10184;00382713;617671;21/11/2024 16:26:26 - 26/11/2024 10:16:26;GLICOLE;R410a_PA.txt;00;ALTA PORTATA;1;Ing. Flavio Dias;Ing. Paolo Russo;400V 3PH 50Hz;PASSED;;t012
Ricarica di 100g. tot. 2,9 Kg. VT chiusa 4 giri.;0 days 00:05:56;1.1;1.0;0.2;0.23;2.1;3.6;31.88;31.4;31.87;32.15;19.8;15.25;31.61;32.16;32.1;31.99;32.09;31.93;32.21;32.22;43.68;32.04;15.92;31.7;26.58;0.7;9.58;0.26;1.0;-999.0;-999.0;-999.0;-999.0;11.66;5.9;0.74;49.88;-999.0;-999.0;-999.0;-999.0;-999.0;-999.0;-999.0;-999.0;-999.0;-999.0;-999.0;-999.0;-0.08;2110.0;841.6;0.49;31.88;31.4;0.0;4180.0;994.82;0.28;31.87;32.15;14.12;3493.58;1077.73;4.55;19.8;15.25;0.07;0.02;1.51;45.4;-39.93;9.22;-46.81;1.73;71.98;6.69;78.5;32.01;0.0;0.0;49.44;;;-999.0;395.64;-999.0;;;Data not found;Data not found;R60;1 CARLINI MIRKO;TALA5NMSBA10184;00382713;617671;21/11/2024 16:26:26 - 26/11/2024 10:16:26;GLICOLE;R410a_PA.txt;00;ALTA PORTATA;1;Ing. Flavio Dias;Ing. Paolo Russo;400V 3PH 50Hz;PASSED;;t012
Carica 2,9 Kg. VT chiusa 5 giri.;0 days 00:05:55;1.0;1.0;0.2;0.1;2.1;3.6;24.12;23.16;31.38;30.91;19.8;15.32;32.92;33.15;32.21;32.28;31.72;31.73;15.56;19.66;43.54;52.43;16.53;31.12;26.28;0.7;9.42;0.2;1.0;-999.0;-999.0;-999.0;-999.0;9.94;5.49;0.8;49.9;-999.0;-999.0;-999.0;-999.0;-999.0;-999.0;-999.0;-999.0;-999.0;-999.0;-999.0;-999.0;-0.15;2080.0;845.62;0.96;24.12;23.16;0.0;4180.0;995.08;0.47;31.38;30.91;13.83;3493.68;1077.72;4.48;19.8;15.32;0.07;0.09;1.54;44.94;-40.47;8.7;-47.2;1.41;92.9;7.83;78.32;31.98;0.0;0.0;49.16;;;-999.0;397.2;-999.0;;;Data not found;Data not found;R60;1 CARLINI MIRKO;TALA5NMSBA10184;00382713;617671;21/11/2024 16:26:26 - 26/11/2024 10:16:26;GLICOLE;R410a_PA.txt;00;ALTA PORTATA;1;Ing. Flavio Dias;Ing. Paolo Russo;400V 3PH 50Hz;PASSED;;t012
Prova con 5  ambiente e -10  il fluido. La sonde TC5   all'uscita glicole e la TC6   all'entrata glicole macchina. Macchina con BY-PASS;0 days 00:38:00;0.76;0.88;0.2;0.0;1.1;1.2;14.33;15.07;5.33;6.24;5.39;3.44;2.6;3.45;5.26;4.63;4.99;5.01;-10.11;-10.63;20.15;39.77;-3.77;4.9;14.44;0.6;5.1;0.1;1.0;-999.0;-999.0;-999.0;-999.0;3.21;1.72;0.78;49.87;-999.0;-999.0;-999.0;-999.0;-999.0;-999.0;-999.0;-999.0;-999.0;-999.0;-999.0;-999.0;-0.12;2048.83;850.15;0.74;14.33;15.07;-0.0;4202.16;999.76;0.91;5.33;6.24;-0.01;3449.88;1082.52;1.95;5.39;3.44;0.13;0.14;0.08;21.12;-41.73;-8.44;-49.67;1.09;81.5;4.96;54.57;4.97;0.0;0.0;0.0;;;-999.0;396.94;-999.0;;;Data not found;Data not found;R60;1 CARLINI MIRKO;TALA5NMSBA10184;00382713;617671;25/11/2024 09:29:18 - 25/11/2024 16:18:22;GLICOLE;R410a_PA.txt;00;ALTA PORTATA;1;Ing. Flavio Dias;Ing. Paolo Russo;400V 3PH 50Hz;PASSED;;t013
Prova con 5  ambiente e -10  il fluido. La sonde TC5   all'uscita glicole e la TC6   all'entrata glicole macchina. Macchina con BY-PAS;0 days 00:15:22;0.7;0.8;0.2;0.0;1.1;1.2;11.57;12.31;5.34;6.0;5.56;3.72;3.14;3.95;5.21;4.74;5.09;5.08;-9.42;-9.96;16.1;41.49;-6.6;4.98;12.98;0.6;5.45;0.1;1.0;-999.0;-999.0;-999.0;-999.0;3.57;1.89;0.78;49.89;-999.0;-999.0;-999.0;-999.0;-999.0;-999.0;-999.0;-999.0;-999.0;-999.0;-999.0;-999.0;-0.12;2040.0;851.56;0.73;11.57;12.31;0.0;4203.34;999.77;0.66;5.34;6.0;-0.01;3450.39;1082.45;1.84;5.56;3.72;0.07;0.15;0.08;17.1;-41.83;-6.88;-49.78;1.13;83.32;0.68;54.76;5.03;0.0;0.0;0.0;;;-999.0;396.94;-999.0;;;Data not found;Data not found;R60;1 CARLINI MIRKO;TALA5NMSBA10184;00382713;617671;25/11/2024 09:29:18 - 25/11/2024 16:18:22;GLICOLE;R410a_PA.txt;00;ALTA PORTATA;1;Ing. Flavio Dias;Ing. Paolo Russo;400V 3PH 50Hz;PASSED;;t013
Prova con 5  ambiente e -10  il fluido. La sonde TC5   all'uscita glicole e la TC6   all'entrata glicole macchina. Macchina con BY-PASS. V.T. chiusa 2 giri, verifica se surr. si alza.;0 days 00:19:59;0.7;0.7;0.19;-0.01;1.1;1.2;8.15;8.48;5.52;5.92;18.75;14.42;1.57;2.86;5.33;4.49;4.88;4.92;-5.65;-6.01;33.2;42.03;-4.05;4.79;20.45;0.6;4.08;0.1;1.0;-999.0;-999.0;-999.0;-999.0;7.4;3.95;0.78;49.83;-999.0;-999.0;-999.0;-999.0;-999.0;-999.0;-999.0;-999.0;-999.0;-999.0;-999.0;-999.0;-0.05;2023.16;853.42;0.32;8.15;8.48;0.0;4203.77;999.77;0.4;5.52;5.92;-0.01;3492.2;1078.11;4.33;18.75;14.42;0.01;0.2;0.1;34.82;-41.58;-13.52;-49.77;2.25;83.62;9.47;54.57;4.9;0.0;0.0;0.0;;;-999.0;393.97;-999.0;;;Data not found;Data not found;R60;1 CARLINI MIRKO;TALA5NMSBA10184;00382713;617671;25/11/2024 09:29:18 - 25/11/2024 16:18:22;GLICOLE;R410a_PA.txt;00;ALTA PORTATA;1;Ing. Flavio Dias;Ing. Paolo Russo;400V 3PH 50Hz;PASSED;;t013
5  amb. e -10 il fluido. La sonde TC5 OUT glicole e la TC6 IN glicole macchina. Macchina con BY-PASS. VT chiusa 2 giri, tot. 6 giri. Verifica se surr. si alza.;0 days 00:04:31;0.7;0.61;0.2;-0.1;1.1;1.2;6.89;7.35;5.28;5.61;15.57;12.82;3.49;4.47;5.33;4.89;5.15;5.16;-10.03;-10.46;32.88;55.44;-9.23;5.08;20.61;0.6;3.07;0.1;1.0;-999.0;-999.0;-999.0;-999.0;8.0;4.27;0.78;49.83;-999.0;-999.0;-999.0;-999.0;-999.0;-999.0;-999.0;-999.0;-999.0;-999.0;-999.0;-999.0;-0.07;2020.0;854.04;0.47;6.89;7.35;0.0;4205.57;999.78;0.34;5.28;5.61;-0.01;3482.27;1079.03;2.74;15.57;12.82;0.01;0.22;0.1;35.13;-41.82;-19.33;-49.95;2.84;97.26;10.1;55.05;5.13;0.0;0.0;0.0;;;-999.0;395.88;-999.0;;;Data not found;Data not found;R60;1 CARLINI MIRKO;TALA5NMSBA10184;00382713;617671;25/11/2024 09:29:18 - 25/11/2024 16:18:22;GLICOLE;R410a_PA.txt;00;ALTA PORTATA;1;Ing. Flavio Dias;Ing. Paolo Russo;400V 3PH 50Hz;PASSED;;t013
5  amb. e -10  il fluido. La sonde TC5 OUT glicole e la TC6 IN glicole macchina. Macchina con BY-PASS. VT aperta 1 giro, tot. 5 giri. Verifica se surr. migliora.;0 days 00:03:50;0.69;0.6;0.2;-0.1;1.1;1.2;6.54;6.98;5.23;5.57;14.41;12.21;3.49;4.51;5.33;4.9;5.17;5.16;-10.15;-10.59;34.03;70.42;-10.2;5.07;21.13;0.6;3.44;0.1;1.0;-999.0;-999.0;-999.0;-999.0;8.06;4.33;0.78;49.84;-999.0;-999.0;-999.0;-999.0;-999.0;-999.0;-999.0;-999.0;-999.0;-999.0;-999.0;-999.0;-0.07;2020.0;854.22;0.45;6.54;6.98;0.0;4206.01;999.79;0.34;5.23;5.57;-0.01;3482.33;1079.37;2.19;14.41;12.21;0.01;0.23;0.1;36.19;-41.8;-17.05;-49.98;2.75;112.22;6.85;55.04;5.14;0.0;0.0;0.0;;;-999.0;396.57;-999.0;;;Data not found;Data not found;R60;1 CARLINI MIRKO;TALA5NMSBA10184;00382713;617671;25/11/2024 09:29:18 - 25/11/2024 16:18:22;GLICOLE;R410a_PA.txt;00;ALTA PORTATA;1;Ing. Flavio Dias;Ing. Paolo Russo;400V 3PH 50Hz;PASSED;;t013
Carica 0,5 Kg. VT tutta aperta.;0 days 00:04:50;1.1;1.0;0.3;2.79;1.14;1.2;31.28;30.57;17.34;14.95;30.59;27.96;31.45;31.65;31.84;32.01;31.79;32.35;31.83;31.8;37.94;41.5;10.42;30.96;9.0;0.7;3.2;0.28;1.0;-999.0;-999.0;-999.0;-999.0;5.22;1.98;0.55;49.8;-999.0;-999.0;-999.0;-999.0;-999.0;-999.0;-999.0;-999.0;-999.0;-999.0;-999.0;-999.0;-0.11;2110.0;841.96;0.71;31.28;30.57;1.7;4190.0;998.63;2.39;17.34;14.95;0.0;3533.94;1072.7;2.63;30.59;27.96;0.07;2.46;0.05;39.39;-13.94;10.82;-20.98;1.45;55.44;0.39;51.94;32.0;0.0;10.17;0.0;;;-999.0;396.31;-999.0;;;Data not found;Data not found;R60;1 CARLINI MIRKO;TAL37NMSBXRH310;00382767;617686;03/12/2024 16:40:35 - 04/12/2024 14:36:18;ACQUA;R134a_PA.txt;00;BASSA PORTATA;1;Ing. Flavio Dias;Ing. Paolo Russo;400V 3PH 50Hz;PASSED;;t014
Carica 0,5 Kg. VT chiusa 2 giri.;0 days 00:06:16;1.0;1.0;0.3;2.75;1.1;1.1;28.94;28.94;19.42;15.32;29.46;27.78;32.49;32.51;32.0;32.45;31.82;31.71;32.38;32.31;37.96;42.56;8.34;29.93;9.42;0.7;2.91;0.2;1.0;-999.0;-999.0;-999.0;-999.0;5.18;1.98;0.56;49.81;-999.0;-999.0;-999.0;-999.0;-999.0;-999.0;-999.0;-999.0;-999.0;-999.0;-999.0;-999.0;0.0;2100.0;842.95;0.01;28.94;28.94;2.97;4190.0;998.42;4.11;19.42;15.32;0.0;3531.99;1073.0;1.68;29.46;27.78;0.01;2.45;0.04;41.01;-14.04;8.61;-21.1;3.04;56.6;0.26;51.04;31.99;0.0;10.35;0.0;;;-999.0;395.33;-999.0;;;Data not found;Data not found;R60;1 CARLINI MIRKO;TAL37NMSBXRH310;00382767;617686;03/12/2024 16:40:35 - 04/12/2024 14:36:18;ACQUA;R134a_PA.txt;00;BASSA PORTATA;1;Ing. Flavio Dias;Ing. Paolo Russo;400V 3PH 50Hz;PASSED;;t014
Carica 0,5 Kg. VT chiusa 1 giro tot. 3 giri.;0 days 00:06:51;1.0;1.0;0.3;2.73;1.1;1.12;29.31;29.4;19.12;14.84;29.91;28.12;32.52;32.49;31.95;32.41;31.72;31.67;32.34;32.28;37.57;42.67;14.15;29.86;9.39;0.7;2.8;0.2;1.0;-999.0;-999.0;-999.0;-999.0;5.09;1.95;0.56;49.8;-999.0;-999.0;-999.0;-999.0;-999.0;-999.0;-999.0;-999.0;-999.0;-999.0;-999.0;-999.0;-0.01;2103.57;842.74;0.08;29.31;29.4;3.08;4190.0;998.49;4.28;19.12;14.84;0.0;3533.19;1072.82;1.79;29.91;28.12;0.01;2.45;0.05;40.91;-14.0;7.61;-21.14;3.33;56.67;6.55;51.01;31.93;0.0;10.32;0.0;;;-999.0;391.82;-999.0;;;Data not found;Data not found;R60;1 CARLINI MIRKO;TAL37NMSBXRH310;00382767;617686;03/12/2024 16:40:35 - 04/12/2024 14:36:18;ACQUA;R134a_PA.txt;00;BASSA PORTATA;1;Ing. Flavio Dias;Ing. Paolo Russo;400V 3PH 50Hz;PASSED;;t014
Ricarica di 50g. tot 0,55 Kg. VT chiusa 3 giri.;0 days 00:12:57;1.07;1.0;0.3;2.78;1.1;1.2;30.18;30.6;19.93;15.49;31.31;29.36;32.37;32.44;31.83;32.43;31.92;31.8;32.21;32.13;37.01;42.99;14.45;30.48;9.53;0.7;2.85;0.22;1.0;-999.0;-999.0;-999.0;-999.0;3.34;1.64;0.72;49.83;-999.0;-999.0;-999.0;-999.0;-999.0;-999.0;-999.0;-999.0;-999.0;-999.0;-999.0;-999.0;-0.07;2110.0;842.22;0.42;30.18;30.6;3.21;4190.0;998.36;4.44;19.93;15.49;0.0;3538.47;1072.22;1.96;31.31;29.36;0.03;2.44;0.11;41.39;-13.97;7.96;-21.09;4.38;56.96;6.49;51.57;31.99;0.0;10.37;0.0;;;-999.0;396.45;-999.0;;;Data not found;Data not found;R60;1 CARLINI MIRKO;TAL37NMSBXRH310;00382767;617686;03/12/2024 16:40:35 - 04/12/2024 14:36:18;ACQUA;R134a_PA.txt;00;BASSA PORTATA;1;Ing. Flavio Dias;Ing. Paolo Russo;400V 3PH 50Hz;PASSED;;t014
R134A 1,1 kg VT chiusa 2 giri W15L32 - 480/3/60 - collaudo per linea;0 days 00:07:11;1.6;1.6;1.9;3.9;1.6;1.58;22.36;22.49;19.53;15.45;22.36;22.34;31.26;31.18;30.11;30.44;30.13;30.51;29.56;29.48;29.33;30.22;29.68;400.0;12.87;14.26;2.6;13.3;4.0;-999.0;-999.0;-999.0;-999.0;-999.0;-999.0;-999.0;-999.0;-999.0;-999.0;-999.0;-999.0;-999.0;-999.0;-999.0;-999.0;11.43;5.05;0.66;59.88;0.0;2080.0;846.23;0.13;22.36;22.49;7.41;4190.0;998.4;4.08;19.53;15.45;0.0;4180.0;997.42;0.03;22.36;22.34;0.04;2.0;0.09;52.09;55.99;6.03;53.31;22.76;25.77;23.64;346.69;30.3;0.0;26.04;0.0;;;-999.0;-999.0;-999.0;;;Data not found;Data not found;R110;1 RESTANI MATTEO;TAL93NASBXSO000;00382768;617687;28/11/2024 11:25:14 - 28/11/2024 11:33:16;ACQUA;R134a_PA.txt;00;BASSA PORTATA;1;Ing. Flavio Dias;Ing. Paolo Russo;480V 3PH 60Hz;PASSED;;t015
R410A precarica 1,8 kg VT tutta aperta;0 days 00:05:15;1.6;1.6;0.7;4.4;1.6;1.5;22.59;22.79;19.27;15.71;21.67;21.45;32.55;32.86;31.6;32.25;32.32;31.81;400.0;32.03;43.53;31.87;19.25;31.19;26.08;15.79;9.1;15.9;2.0;-999.0;-999.0;-999.0;-999.0;-999.0;-999.0;-999.0;-999.0;0.05;0.0;0.01;49.9;-999.0;-999.0;-999.0;-999.0;-999.0;-999.0;-999.0;-999.0;0.0;2080.0;846.1;0.19;22.59;22.79;14.13;4190.0;998.4;3.56;19.27;15.71;0.0;4180.0;997.6;0.22;21.67;21.45;0.04;3.69;0.11;44.63;25.54;7.6;25.89;1.1;6.33;11.64;5.29;31.99;0.0;56.93;0.0;;;-999.0;-999.0;400.45;;;Data not found;Data not found;R110;1 RESTANI MATTEO;TALA8NMHBXMO100;00382882;617755;22/11/2024 09:20:27;ACQUA;R410a_PA.txt;02;ALTA PORTATA;1;Ing. Flavio Dias;Ing. Paolo Russo;400V 3PH 50Hz;;;t016
+200 gr tot 2,0 kg VT tutta aperta;0 days 00:05:16;1.6;1.6;0.73;4.3;1.7;1.6;24.14;24.54;19.34;15.27;22.78;22.15;31.9;32.44;31.69;32.26;32.38;31.82;400.0;32.66;45.76;32.02;19.09;31.7;27.54;16.2;10.0;16.33;2.0;-999.0;-999.0;-999.0;-999.0;-999.0;-999.0;-999.0;-999.0;0.02;0.0;0.01;49.9;-999.0;-999.0;-999.0;-999.0;-999.0;-999.0;-999.0;-999.0;0.0;2083.38;845.27;0.4;24.14;24.54;16.55;4190.0;998.44;4.07;19.34;15.27;0.0;4180.0;997.4;0.63;22.78;22.15;0.03;3.54;0.09;46.87;26.5;10.49;26.87;1.11;5.51;8.6;4.83;32.04;0.0;58.3;0.0;;;-999.0;-999.0;403.02;;;Data not found;Data not found;R110;1 RESTANI MATTEO;TALA8NMHBXMO100;00382882;617755;22/11/2024 09:20:27;ACQUA;R410a_PA.txt;02;ALTA PORTATA;1;Ing. Flavio Dias;Ing. Paolo Russo;400V 3PH 50Hz;;;t016
+200 gr tot 2,2 kg VT tutta aperta;0 days 00:05:25;1.6;1.6;0.7;4.4;1.7;1.6;26.73;27.07;19.72;15.18;24.66;23.52;31.6;32.22;31.82;32.24;32.24;31.65;400.0;31.55;47.38;32.03;15.93;31.77;28.62;16.6;10.3;16.7;2.0;-999.0;-999.0;-999.0;-999.0;-999.0;-999.0;-999.0;-999.0;0.0;0.0;0.0;49.9;-999.0;-999.0;-999.0;-999.0;-999.0;-999.0;-999.0;-999.0;0.0;2090.0;843.98;0.34;26.73;27.07;18.04;4190.0;998.41;4.54;19.72;15.18;0.0;4180.0;997.02;1.14;24.66;23.52;0.01;3.68;0.04;48.47;27.36;11.47;27.72;1.1;4.67;4.45;4.05;31.98;0.0;56.97;0.0;;;-999.0;-999.0;396.83;;;Data not found;Data not found;R110;1 RESTANI MATTEO;TALA8NMHBXMO100;00382882;617755;22/11/2024 09:20:27;ACQUA;R410a_PA.txt;02;ALTA PORTATA;1;Ing. Flavio Dias;Ing. Paolo Russo;400V 3PH 50Hz;;;t016
+200 gr tot 2,4 kg VT tutta aperta;0 days 00:05:10;1.7;1.6;0.73;4.3;1.7;1.7;28.08;28.25;19.79;15.0;25.82;24.44;31.49;32.2;32.31;32.23;31.63;31.82;400.0;32.89;48.63;32.06;14.94;31.84;29.5;16.7;10.21;16.8;2.0;-999.0;-999.0;-999.0;-999.0;-999.0;-999.0;-999.0;-999.0;0.0;0.0;0.0;49.9;-999.0;-999.0;-999.0;-999.0;-999.0;-999.0;-999.0;-999.0;0.0;2100.0;843.34;0.17;28.08;28.25;19.4;4190.0;998.42;4.78;19.79;15.0;0.0;4180.0;996.77;1.38;25.82;24.44;0.02;3.56;0.01;49.74;27.44;11.22;27.83;1.1;4.61;3.73;4.01;32.01;0.0;58.19;0.0;;;-999.0;-999.0;401.44;;;Data not found;Data not found;R110;1 RESTANI MATTEO;TALA8NMHBXMO100;00382882;617755;22/11/2024 09:20:27;ACQUA;R410a_PA.txt;02;ALTA PORTATA;1;Ing. Flavio Dias;Ing. Paolo Russo;400V 3PH 50Hz;;;t016
+100 gr tot 2,5 kg VT tutta aperta;0 days 00:04:50;1.7;1.6;0.71;4.3;1.7;1.7;28.54;28.65;19.89;14.99;26.27;24.8;31.42;32.18;32.34;32.25;31.63;31.79;400.0;32.96;49.13;32.07;14.41;31.86;29.84;16.8;10.2;16.9;2.0;-999.0;-999.0;-999.0;-999.0;-999.0;-999.0;-999.0;-999.0;0.0;0.0;0.0;49.9;-999.0;-999.0;-999.0;-999.0;-999.0;-999.0;-999.0;-999.0;0.0;2100.0;843.12;0.1;28.54;28.65;19.87;4190.0;998.41;4.9;19.89;14.99;0.0;4180.0;996.66;1.47;26.27;24.8;0.03;3.56;0.04;50.22;27.68;11.17;28.06;1.09;4.38;3.22;3.81;32.01;0.0;58.15;0.0;;;-999.0;-999.0;399.32;;;Data not found;Data not found;R110;1 RESTANI MATTEO;TALA8NMHBXMO100;00382882;617755;22/11/2024 09:20:27;ACQUA;R410a_PA.txt;02;ALTA PORTATA;1;Ing. Flavio Dias;Ing. Paolo Russo;400V 3PH 50Hz;;;t016
chiuso VT 2 giri tot 2,5 kg VT chiusa 2 giri;0 days 00:05:25;1.7;1.6;0.7;4.4;1.7;1.8;29.45;29.43;20.14;15.09;27.28;25.65;31.51;32.23;32.19;32.33;31.7;31.75;400.0;31.67;49.31;32.11;15.62;31.88;29.98;16.8;10.3;17.0;2.0;-999.0;-999.0;-999.0;-999.0;-999.0;-999.0;-999.0;-999.0;0.0;0.0;0.0;49.9;-999.0;-999.0;-999.0;-999.0;-999.0;-999.0;-999.0;-999.0;0.0;2104.42;842.7;0.02;29.45;29.43;19.96;4190.0;998.38;5.05;20.14;15.09;0.0;4180.0;996.42;1.63;27.28;25.65;0.04;3.71;0.09;50.38;27.84;11.4;28.23;1.07;4.27;4.21;3.66;32.0;0.0;56.7;0.0;;;-999.0;-999.0;399.68;;;Data not found;Data not found;R110;1 RESTANI MATTEO;TALA8NMHBXMO100;00382882;617755;22/11/2024 09:20:27;ACQUA;R410a_PA.txt;02;ALTA PORTATA;1;Ing. Flavio Dias;Ing. Paolo Russo;400V 3PH 50Hz;;;t016
chiuso VT 2 girI tot 2,5 kg VT chiusa 4 giri;0 days 00:04:50;1.7;1.6;0.8;4.1;1.7;1.8;30.03;30.0;19.84;15.12;28.12;26.41;31.48;32.21;32.21;32.34;31.71;31.75;400.0;31.65;49.35;32.11;16.6;31.92;30.0;16.9;10.29;17.1;2.0;-999.0;-999.0;-999.0;-999.0;-999.0;-999.0;-999.0;-999.0;0.0;0.0;0.0;49.9;-999.0;-999.0;-999.0;-999.0;-999.0;-999.0;-999.0;-999.0;0.0;2109.99;842.41;0.03;30.03;30.0;19.97;4190.0;998.4;4.71;19.84;15.12;0.0;4180.0;996.21;1.71;28.12;26.41;0.04;3.26;0.16;50.43;28.06;11.36;28.45;1.08;4.06;5.25;3.47;32.0;0.04;60.76;0.0;;;-999.0;-999.0;392.84;;;Data not found;Data not found;R110;1 RESTANI MATTEO;TALA8NMHBXMO100;00382882;617755;22/11/2024 09:20:27;ACQUA;R410a_PA.txt;02;ALTA PORTATA;1;Ing. Flavio Dias;Ing. Paolo Russo;400V 3PH 50Hz;;;t016
chiuso VT 2 girI tot 2,5 kg VT chiusa 6 giri;0 days 00:04:55;1.7;1.6;0.8;4.1;1.7;1.9;30.38;30.35;20.05;15.22;28.72;26.98;31.44;32.19;32.22;32.33;31.75;31.74;400.0;31.7;49.52;32.11;17.05;31.91;30.12;17.0;10.1;17.2;1.0;-999.0;-999.0;-999.0;-999.0;15.28;8.2;0.79;49.8;-999.0;-999.0;-999.0;-999.0;-999.0;-999.0;-999.0;-999.0;-999.0;-999.0;-999.0;-999.0;0.0;2110.0;842.24;0.03;30.38;30.35;20.16;4190.0;998.38;4.83;20.05;15.22;0.0;4180.0;996.04;1.74;28.72;26.98;0.04;3.34;0.21;50.63;28.25;10.86;28.63;1.09;3.87;6.19;3.29;32.01;0.0;59.86;0.0;;;-999.0;392.8;-999.0;;;Data not found;Data not found;R110;1 RESTANI MATTEO;TALA8NMHBXMO100;00382882;617755;22/11/2024 09:20:27;ACQUA;R410a_PA.txt;02;ALTA PORTATA;1;Ing. Flavio Dias;Ing. Paolo Russo;400V 3PH 50Hz;;;t016
CIRC:1 - R410A 7,0 kg VT tutta aperta;0 days 00:07:25;1.7;1.63;0.6;5.89;1.6;1.69;24.86;25.43;20.0;15.26;23.56;22.8;30.35;31.91;31.98;32.08;31.37;32.42;32.07;32.12;44.57;31.86;15.51;24.98;26.79;14.6;10.16;13.1;3.0;-999.0;-999.0;-999.0;-999.0;-999.0;-999.0;-999.0;-999.0;-999.0;-999.0;-999.0;-999.0;24.29;13.91;0.84;49.84;-999.0;-999.0;-999.0;-999.0;0.0;2089.98;844.86;0.57;24.86;25.43;36.58;4190.0;998.38;4.73;20.0;15.26;0.0;4180.0;997.24;0.76;23.56;22.8;0.01;5.28;0.02;45.73;22.83;11.01;19.13;1.16;9.03;4.5;5.86;31.97;0.0;110.85;0.0;;;-999.0;-999.0;-999.0;;;Data not found;Data not found;R110;1 RESTANI MATTEO;TALG9NMHBA10165;00382883;617756;05/12/2024 13:17:31 - 06/12/2024 10:29:58;ACQUA;R410a_PA.txt;02;ALTA PORTATA;2;Ing. Flavio Dias;Ing. Paolo Russo;400V 3PH 50Hz;PASSED;;t017
CIRC:1 - +200 gr tot 7,2 kg VT tutta aperta;0 days 00:05:15;1.7;1.7;0.6;5.8;1.6;1.7;26.36;26.79;19.75;15.32;24.6;23.57;30.38;31.96;32.01;32.17;31.5;32.5;32.14;32.2;44.65;32.08;15.6;25.58;26.85;14.6;10.2;13.1;3.0;-999.0;-999.0;-999.0;-999.0;-999.0;-999.0;-999.0;-999.0;-999.0;-999.0;-999.0;-999.0;24.35;13.96;0.84;49.89;-999.0;-999.0;-999.0;-999.0;0.0;2090.0;844.14;0.43;26.36;26.79;36.54;4190.0;998.39;4.43;19.75;15.32;0.0;4180.0;997.02;1.03;24.6;23.57;0.03;5.2;0.06;45.81;22.87;11.04;19.16;1.16;9.2;4.55;6.4;32.05;0.0;118.4;0.0;;;-999.0;-999.0;-999.0;;;Data not found;Data not found;R110;1 RESTANI MATTEO;TALG9NMHBA10165;00382883;617756;05/12/2024 13:17:31 - 06/12/2024 10:29:58;ACQUA;R410a_PA.txt;02;ALTA PORTATA;2;Ing. Flavio Dias;Ing. Paolo Russo;400V 3PH 50Hz;PASSED;;t017
CIRC:1 - chiuso VT 2 giri tot 7,2 kg VT chiusa 2 giri;0 days 00:04:50;1.7;1.7;0.6;5.8;1.64;1.7;27.46;27.77;19.62;15.17;25.45;24.23;30.3;31.87;31.97;32.09;31.46;32.4;32.07;32.16;44.41;32.0;15.88;26.2;26.7;14.6;10.06;13.1;3.0;-999.0;-999.0;-999.0;-999.0;-999.0;-999.0;-999.0;-999.0;-999.0;-999.0;-999.0;-999.0;24.29;13.91;0.84;49.87;-999.0;-999.0;-999.0;-999.0;0.0;2096.17;843.62;0.31;27.46;27.77;36.27;4190.0;998.42;4.44;19.62;15.17;0.0;4180.0;996.84;1.22;25.45;24.23;0.04;5.23;0.09;45.59;22.88;10.72;19.16;1.17;9.11;5.17;7.05;31.99;0.0;117.04;0.0;;;-999.0;-999.0;-999.0;;;Data not found;Data not found;R110;1 RESTANI MATTEO;TALG9NMHBA10165;00382883;617756;05/12/2024 13:17:31 - 06/12/2024 10:29:58;ACQUA;R410a_PA.txt;02;ALTA PORTATA;2;Ing. Flavio Dias;Ing. Paolo Russo;400V 3PH 50Hz;PASSED;;t017
CIRC:1 - +300 gr tot 7,5 kg VT chiusa 2 giri;0 days 00:05:36;1.7;1.69;0.6;5.87;1.7;1.8;29.13;29.18;19.52;15.01;26.93;25.42;30.34;31.91;32.1;32.1;31.68;32.27;32.2;32.26;44.45;32.0;15.62;26.75;26.69;14.7;10.0;13.1;3.0;-999.0;-999.0;-999.0;-999.0;-999.0;-999.0;-999.0;-999.0;-999.0;-999.0;-999.0;-999.0;23.65;13.56;0.81;49.84;-999.0;-999.0;-999.0;-999.0;0.0;2101.53;842.84;0.05;29.13;29.18;36.07;4190.0;998.44;4.51;19.52;15.01;0.0;4180.0;996.49;1.5;26.93;25.42;0.06;5.27;0.18;45.58;22.93;10.59;19.19;1.14;9.07;5.04;7.55;32.04;0.0;114.68;0.0;;;-999.0;-999.0;-999.0;;;Data not found;Data not found;R110;1 RESTANI MATTEO;TALG9NMHBA10165;00382883;617756;05/12/2024 13:17:31 - 06/12/2024 10:29:58;ACQUA;R410a_PA.txt;02;ALTA PORTATA;2;Ing. Flavio Dias;Ing. Paolo Russo;400V 3PH 50Hz;PASSED;;t017
CIRC:1 - chiuso VT 2 giri tot 7,5 kg VT chiusa 4 giri;0 days 00:05:00;1.7;1.69;0.6;5.86;1.7;1.9;29.82;29.77;19.52;15.09;27.69;26.08;30.3;31.88;32.11;32.09;31.71;32.26;32.2;32.26;44.29;32.0;16.31;27.0;26.59;14.7;9.9;13.1;3.0;-999.0;-999.0;-999.0;-999.0;-999.0;-999.0;-999.0;-999.0;-999.0;-999.0;-999.0;-999.0;24.23;13.91;0.83;49.9;-999.0;-999.0;-999.0;-999.0;0.0;2107.97;842.52;0.04;29.82;29.77;35.96;4190.0;998.44;4.43;19.52;15.09;0.0;4180.0;996.31;1.61;27.69;26.08;0.07;5.26;0.23;45.43;22.93;10.31;19.19;1.14;9.05;6.01;7.8;32.04;0.0;116.5;0.0;;;-999.0;-999.0;-999.0;;;Data not found;Data not found;R110;1 RESTANI MATTEO;TALG9NMHBA10165;00382883;617756;05/12/2024 13:17:31 - 06/12/2024 10:29:58;ACQUA;R410a_PA.txt;02;ALTA PORTATA;2;Ing. Flavio Dias;Ing. Paolo Russo;400V 3PH 50Hz;PASSED;;t017
CIRC:2 - 7,5 kg VT chiusa 4 giri;0 days 00:04:45;1.6;1.6;0.6;5.73;1.6;1.6;24.95;25.49;19.59;15.29;24.16;23.44;30.31;31.86;32.25;31.78;31.62;32.38;400.0;32.4;31.88;43.19;25.68;16.58;17.9;26.54;16.39;9.8;3.0;-999.0;-999.0;-999.0;-999.0;-999.0;-999.0;-999.0;-999.0;-999.0;-999.0;-999.0;-999.0;24.23;13.9;0.84;49.9;-999.0;-999.0;-999.0;-999.0;0.0;2090.0;844.82;0.54;24.95;25.49;35.5;4190.0;998.41;4.3;19.59;15.29;0.0;4180.0;997.09;0.72;24.16;23.44;0.02;5.14;0.01;30.06;45.33;26.9;9.96;1.81;2.14;1.22;6.61;32.01;0.0;118.31;0.0;;;-999.0;-999.0;-999.0;;;Data not found;Data not found;R110;1 RESTANI MATTEO;TALG9NMHBA10165;00382883;617756;05/12/2024 13:17:31 - 06/12/2024 10:29:58;ACQUA;R410a_PA.txt;02;ALTA PORTATA;2;Ing. Flavio Dias;Ing. Paolo Russo;400V 3PH 50Hz;PASSED;;t017
CIRC,1+CIRC:2 - 7,5 kg+7,5 kg VT chiuse 4 giri W15L32 - 230 L/MIN;0 days 00:04:16;1.6;1.62;1.2;4.7;1.6;1.7;25.96;26.4;20.13;15.56;24.8;23.9;27.42;30.89;31.95;31.67;31.31;33.03;400.0;32.03;44.58;43.21;18.19;17.88;26.88;26.57;10.19;10.03;3.0;-999.0;-999.0;-999.0;-999.0;-999.0;-999.0;-999.0;-999.0;-999.0;-999.0;-999.0;-999.0;42.71;24.63;0.85;49.9;-999.0;-999.0;-999.0;-999.0;0.0;2090.0;844.34;0.44;25.96;26.4;74.67;4190.0;998.34;4.57;20.13;15.56;0.0;4180.0;996.96;0.9;24.8;23.9;0.01;3.5;0.02;45.86;45.38;11.12;10.64;1.28;2.17;7.07;7.25;32.0;0.0;234.35;0.0;;;-999.0;-999.0;-999.0;;;Data not found;Data not found;R110;1 RESTANI MATTEO;TALG9NMHBA10165;00382883;617756;05/12/2024 13:17:31 - 06/12/2024 10:29:58;ACQUA;R410a_PA.txt;02;ALTA PORTATA;2;Ing. Flavio Dias;Ing. Paolo Russo;400V 3PH 50Hz;PASSED;;t017
Precarica di 600g. VT chiusa 1 giro.;0 days 00:05:31;1.1;1.06;0.4;4.6;1.1;1.3;31.25;30.82;17.96;15.42;31.26;29.13;31.22;31.51;31.91;32.29;32.16;31.75;32.01;31.96;38.86;48.49;12.18;31.75;9.24;0.7;3.1;0.21;1.0;-999.0;-999.0;-999.0;-999.0;5.08;1.91;0.55;49.82;-999.0;-999.0;-999.0;-999.0;-999.0;-999.0;-999.0;-999.0;-999.0;-999.0;-999.0;-999.0;-0.07;2110.0;841.9;0.42;31.25;30.82;1.48;4190.0;998.54;2.54;17.96;15.42;0.0;3537.46;1072.28;2.13;31.26;29.13;0.07;4.16;0.23;40.31;-13.93;10.09;-21.11;1.46;62.41;2.09;52.86;32.03;0.0;8.37;0.0;;;-999.0;393.71;-999.0;;;Data not found;Data not found;R60;1 CARLINI MIRKO;TAL29NMHBXLC000;00383044;617816;27/11/2024 16:35:20 - 29/11/2024 12:21:59;ACQUA;R134a_PA.txt;04;BASSA PORTATA;1;Ing. Flavio Dias;Ing. Paolo Russo;400V 3PH 50Hz;PASSED;;t018
Carica 0,6 Kg VT chiusa 2 giri.;0 days 00:05:35;1.09;1.07;0.44;4.6;1.1;1.2;29.06;28.2;17.93;15.25;27.81;26.31;31.44;31.67;31.81;32.23;32.22;31.89;31.85;31.74;39.02;45.62;15.69;31.13;9.29;0.7;3.1;0.2;1.0;-999.0;-999.0;-999.0;-999.0;5.13;1.92;0.55;49.89;-999.0;-999.0;-999.0;-999.0;-999.0;-999.0;-999.0;-999.0;-999.0;-999.0;-999.0;-999.0;-0.14;2100.0;843.11;0.86;29.06;28.2;1.61;4190.0;998.56;2.69;17.93;15.25;0.0;3525.61;1073.7;1.5;27.81;26.31;0.0;4.14;0.09;40.53;-13.99;9.85;-21.2;1.51;59.61;5.83;52.33;32.03;0.0;8.59;0.0;;;-999.0;396.71;-999.0;;;Data not found;Data not found;R60;1 CARLINI MIRKO;TAL29NMHBXLC000;00383044;617816;27/11/2024 16:35:20 - 29/11/2024 12:21:59;ACQUA;R134a_PA.txt;04;BASSA PORTATA;1;Ing. Flavio Dias;Ing. Paolo Russo;400V 3PH 50Hz;PASSED;;t018
Ricarico di 50g. tot. 0,65 Kg VT chiusa 2 giri.;0 days 00:06:05;1.1;1.08;0.4;4.6;1.1;1.2;30.54;29.82;18.94;15.54;29.68;27.84;31.25;31.53;31.83;32.2;32.24;31.83;31.85;31.74;38.89;46.19;15.18;31.18;9.34;0.7;3.2;0.21;1.0;-999.0;-999.0;-999.0;-999.0;5.22;1.95;0.54;49.8;-999.0;-999.0;-999.0;-999.0;-999.0;-999.0;-999.0;-999.0;-999.0;-999.0;-999.0;-999.0;-0.12;2110.0;842.33;0.73;30.54;29.82;2.04;4190.0;998.45;3.39;18.94;15.54;0.0;3532.41;1072.94;1.84;29.68;27.84;0.03;4.15;0.15;40.71;-13.96;10.47;-21.1;1.82;60.15;4.71;52.28;32.02;0.0;8.61;0.0;;;-999.0;401.05;-999.0;;;Data not found;Data not found;R60;1 CARLINI MIRKO;TAL29NMHBXLC000;00383044;617816;27/11/2024 16:35:20 - 29/11/2024 12:21:59;ACQUA;R134a_PA.txt;04;BASSA PORTATA;1;Ing. Flavio Dias;Ing. Paolo Russo;400V 3PH 50Hz;PASSED;;t018
Ricarico di 50g. tot. 0,7 Kg VT chiusa 2 giri.;0 days 00:07:45;1.1;1.01;0.41;4.6;1.1;1.3;30.82;30.16;18.69;15.05;30.2;28.32;31.24;31.47;31.78;32.19;32.14;31.75;31.81;31.71;38.57;45.97;13.03;31.25;9.41;0.7;3.08;0.2;1.0;-999.0;-999.0;-999.0;-999.0;5.08;1.92;0.55;49.8;-999.0;-999.0;-999.0;-999.0;-999.0;-999.0;-999.0;-999.0;-999.0;-999.0;-999.0;-999.0;-0.11;2110.0;842.17;0.67;30.82;30.16;2.18;4190.0;998.51;3.64;18.69;15.05;0.0;3533.9;1072.71;1.89;30.2;28.32;0.04;4.14;0.16;40.97;-13.94;9.5;-21.11;2.4;59.91;3.52;52.37;31.97;0.0;8.59;0.0;;;-999.0;395.35;-999.0;;;Data not found;Data not found;R60;1 CARLINI MIRKO;TAL29NMHBXLC000;00383044;617816;27/11/2024 16:35:20 - 29/11/2024 12:21:59;ACQUA;R134a_PA.txt;04;BASSA PORTATA;1;Ing. Flavio Dias;Ing. Paolo Russo;400V 3PH 50Hz;PASSED;;t018
Carica 0,7 Kg VT chiusa 1 giro tot. 3 giri.;0 days 00:05:37;1.1;1.0;0.4;4.6;1.1;1.3;31.04;30.44;18.87;15.18;30.71;28.82;31.19;31.45;31.78;32.17;32.21;31.78;31.77;31.66;38.47;45.52;14.88;31.19;9.43;0.7;3.0;0.21;1.0;-999.0;-999.0;-999.0;-999.0;4.96;1.89;0.57;49.81;-999.0;-999.0;-999.0;-999.0;-999.0;-999.0;-999.0;-999.0;-999.0;-999.0;-999.0;-999.0;-0.1;2110.0;842.05;0.6;31.04;30.44;2.21;4190.0;998.49;3.69;18.87;15.18;0.0;3535.36;1072.48;1.89;30.71;28.82;0.05;4.12;0.16;41.06;-13.92;9.0;-21.13;2.6;59.45;5.88;52.33;31.98;0.0;8.58;0.0;;;-999.0;389.81;-999.0;;;Data not found;Data not found;R60;1 CARLINI MIRKO;TAL29NMHBXLC000;00383044;617816;27/11/2024 16:35:20 - 29/11/2024 12:21:59;ACQUA;R134a_PA.txt;04;BASSA PORTATA;1;Ing. Flavio Dias;Ing. Paolo Russo;400V 3PH 50Hz;PASSED;;t018
Ricarico di 50g. tot. 0,75 Kg VT chiusa 3 giri.;0 days 00:05:42;1.1;1.0;0.41;4.6;1.1;1.3;31.14;30.59;18.66;15.07;31.0;29.14;31.1;31.46;31.91;32.28;32.22;31.75;31.9;31.83;37.82;46.7;14.39;31.53;9.47;0.7;2.87;0.2;1.0;-999.0;-999.0;-999.0;-999.0;4.99;1.9;0.56;49.81;-999.0;-999.0;-999.0;-999.0;-999.0;-999.0;-999.0;-999.0;-999.0;-999.0;-999.0;-999.0;-0.09;2110.0;841.99;0.55;31.14;30.59;2.15;4190.0;998.51;3.59;18.66;15.07;0.0;3536.58;1072.34;1.86;31.0;29.14;0.05;4.13;0.17;41.17;-13.91;8.02;-21.18;3.34;60.61;6.38;52.71;32.04;0.0;8.58;0.0;;;-999.0;391.58;-999.0;;;Data not found;Data not found;R60;1 CARLINI MIRKO;TAL29NMHBXLC000;00383044;617816;27/11/2024 16:35:20 - 29/11/2024 12:21:59;ACQUA;R134a_PA.txt;04;BASSA PORTATA;1;Ing. Flavio Dias;Ing. Paolo Russo;400V 3PH 50Hz;PASSED;;t018
0,75 kg VT chiusa 3 giri stabile;0 days 00:05:31;1.01;1.03;0.45;4.6;1.1;1.2;30.72;30.16;18.94;15.2;30.61;29.09;31.12;31.39;31.75;32.19;32.23;31.78;31.81;31.73;37.43;42.76;14.66;31.19;9.37;0.7;2.9;0.22;1.0;-999.0;-999.0;-999.0;-999.0;3.22;1.57;0.71;49.8;-999.0;-999.0;-999.0;-999.0;-999.0;-999.0;-999.0;-999.0;-999.0;-999.0;-999.0;-999.0;-0.09;2110.0;842.2;0.56;30.72;30.16;2.24;4190.0;998.48;3.73;18.94;15.2;0.0;3535.62;1072.44;1.53;30.61;29.09;0.0;4.15;0.1;40.81;-13.97;8.22;-21.07;3.38;56.74;6.44;52.25;31.98;0.0;8.62;0.0;;;-999.0;398.81;-999.0;;;Data not found;Data not found;R60;1 CARLINI MIRKO;TAL29NMHBXLC000;00383044;617816;27/11/2024 16:35:20 - 29/11/2024 12:21:59;ACQUA;R134a_PA.txt;04;BASSA PORTATA;1;Ing. Flavio Dias;Ing. Paolo Russo;400V 3PH 50Hz;PASSED;;t018
